,STAR,REVIEW
0,2,"보물섬 광고 보고 가입한 직후의 첫 사용자로서 미니스탁의 거래계좌 입금 안내방식이 매우 유감스럽습니다. 1. 자주 묻는 질문에 충전 어떻게 하는지 추가 부탁드립니다. 사용자에게 '주식거래가능 계좌'로 '어떻게' 해야 서비스 이용 가능하다는 말씀이 없네요. 타깃으로 삼으신 저 같은 주식 입문자는 그간의 금융 어플 ux를 미루어 당연히 앱 내에서 충전 버튼을 찾으려고 할텐데, 버튼 노출 안되는 사용자는요? 2. 지갑버튼(이게 지갑..?못알아봄)의 한국투자증권 '계좌번호복사'에 하다못해 '해당 계좌에 입금한 액수만큼 투자 가능'하다는 안내 멘트라도 추가되어야 하지 않나 싶습니다. 충전은 이 서비스에서 사용자가 가장 알기 쉬운 기능이어야 하는데, 외려 저는 반대로 가입 이후 바로 상당액을 투자하려다 이 충전방법을 찾아보다 발이 묶여 그 의지가 확 꺾이고 말았네요. 앱 리뷰 보고 겨우 알았어요. 리뷰를 읽어보니 역시 저만 그런 게 아니네요.꼭 시정했으면 해서 의견 남깁니다."
1,2,최근업데이트를 했는데 이전에 잘 사용해왔던 전일 날짜체하고 실현수익 직접입력에서 하루실현수익 검색이 되었던건이 해당 년 실현수익으로만 나오고 있습니다. 빨리 오류수정 부탁드리겠습니다.
2,1,"1. 하락하는 날 사면 마이너스인것으로 나옵니다. 개선요망. 2. 매일매일 1천원씩 예약주문할 수 있게 매뉴증가시켜주세요. (예 : 애플을 매일매일 1천원씩 1년동안 구매), 3. 종목에 들어가서 수다떨수 있게 해주세요. 4. QQQ, SPY, SPYV, SOXX, FANG+, US TEC TOP 10도 구매하고 싶어요."
3,1,주식 사고싶은데 결제하는것도 모르겠고(무슨 연계은행인지 먼지..)이것저것 물어보려고 고객센터 몃번을 전화했는데도 연결도 안되고..해외주식 처음 입문하려하는데 짜증만나네요 그냥 처음에 받은 보너스주식?인가그거 팔고 어플삭제 하려하는데 어떻게 하는건지 그거나 좀 알려주세요
4,3,"배당톡에 세전 배당금말고도 세후 배당 얼마,수수료 얼마인지 같이 보내주시면 좋겠어요. 제가 계산한 세전,세후가 달라서 정확하게 수수료 떼어간게 맞는지 확실하지가 않아요. 나무,키움 다쓰고있는데 배당톡에 배당금에 대한 정보가 제일 없는 곳이네요. 앱안에서 '배당내역'들어가면 세전배당금만 있는것도 아쉬워요. 차차 좋아지겠죠?빠른시일내에 업데이트되면좋겠어요"
5,3,타 증권사(신한)는 소수점투자와 일반해외투자를 통합시켜놓아서 사용하기 편리한데 미니스탁은 한투어플이랑 따로 분리해놓고 따로따로 관리해야 해서 사용하기가 불편하네요. 한투어플이랑 연동시켜 관리하고 매매가 되게 했으면 좋겠네요. 미니스탁에서 산 주식이 한투해외투자에도 표시되고 똑같이 반영 되고 매매도 할수 있게 되면 편리할거 같네요. 같은 회사에서 운영하는건데 왜 따로 분리가 되어있는건지 모르겠네요.
6,5,쉬운 접근성과 상세한 정보를 제공 받아 수익률이 꽤 좋네요 리얼티 인컴(o) 추가 부탁드립니다 제가 좋아하는 주인데 ㅜㅜ 미니스탁에는 없어서 다른곳에서 투자중이네요 ㅜㅜ
7,1,설마 글 지워버렸음??ㅋㅋㅋ 아니 어이없네 이 어플 저기요 가입하자마자 간편비밀번호 설정해서 맞게 쳤는데 제한이라는게 뜨던데 그걸 답글 안남기고 지워버렸어??ㅋㅋㅋ
8,5,안녕하세요~ 잘 사용하고 있습니다. 그런데 실현손익 직접입력이 연도에서 오류가 나는데 확인부탁드립니다!
9,5,"답변 주셔서 정말 감사합니다!! 종목 업데이트만 기다리고 있습니다! 화이팅! ㅡ건의사항 1. 주기적 종목 업데이트 2. 테마추천처럼 보유 종목을 항목별로 묶어서 한번에 매수 매도 할수 있게끔. 3. 바구니에 담은것 결제 후에도 사라지않게끔. 그리고 그 셋팅을 저장하고 불러올 수 있는 기능. 4. 정기 자동 매수. ㅡㅡㅡ 2,3 말하는 이유가 관심종목 지정하고 관리도 안되고 스크롤이 너무 길어져서 보기 불편해요. 그리고 4번이 안돼서 장바구니라도 저장이 되면 편한데 그것도 아니라 매번 선택하는게 너무 귀찮아요. 구매후 내역이 남아있어서 재활용할 수 있게라도 해주세요 아니면 리스트 저장할 수 있게라도."
10,3,"실시간안됨불편 제발 종목업데이트 좀 하세요.,., 소액이라 실시간안되도 하는데 종목이라도 좀 늘립시다 제발"
11,1,"고객센터에 전화해도 안받고, 홈페이지 들어가서 고객의소리에 올리려고 해도 홈페이지 끊어졌다고 나오고.. 뭐하자는거에요?? 너무 답답해서 여기에 글올립니다.앱 개발자님 죄송하지만 ~!!!! 꼭 전달 부탁 드립니다."
12,4,잘쓰고 있습니다. 다만 1. 현 그래프 시스템이 좀 불편합시다. 현재 그래프의 수치가 어디에 위치하는지 알 기 어렵습니다. 2. 자산운영의 불편함 자산 운영과 현 주가의 등락을 구분하게끔 간단하게 수치로 표현했으면 좋겠습니다. 3. 다양한 해외주식이 없다. 특히 쿠팡 같은 핫이슈 주식이 없고 또한 새로운 주식 업데이트가 상당히 느리다. 이러한 인터페이스와 다양한 기능을 탑재해주시면 아주 편할듯 합니다.
13,5,천원으로 주식을 할 수있다는게 큰 장점이네요! 저처럼 주린이에게도 좋고요! 위젯 기능도 추가해서 내가 선택한 종목을 실시간 볼 수있게도 해주세요~^^
14,1,조은듯하지만. 안조은어플임. 실시간안되는게 조은듯하나ㅡㅡ진짜최악임. 매수와 매도금액좀 본인이걸어두게해라... 멋대로 막오를때 사람들꺼사재끼고. 미친듯고가에서 사재끼고하지말고.... 떨어질때사고 오를때팔아야지ㅡㅡ 이런생각 갖고있는 우리같은사람들이 시름ㅡㅡ매수.매도금액을 본인이 정하게만들어라!쫌!
15,1,만 3세이상인데 왜 저는 못해요? 아진짜 광고보고 깔았더니 진짜
16,2,시세 업데이트를 거의 안해줌. 사용자에게 시세를 제대로 알려주지 않음으로써 아마도 정산 반영을 유리하게 가져가려는거 같음. 그냥 그런 의심이 듬.
17,5,"일희일비하지 않고 여유롭게 할 수 있어서 좋은데요, 배당으로 들어온 금액은 매수하는데 다시 쓰지 못하나요? 원화로 환전했다가 다시 달러로 바꿔서 써야하나요? 환전 2번 하면 손해가 좀 있을것같은데.."
18,5,"일단 이런 앱 개발은 잘 하신것 같고요!! 더 추가되었으면 하는것이 관심으로 해 놓은 종목들 중에서도 카테고리화 할 수 있음 좋을것 같아요!! 반도체라면 반도체 끼리 묶고 자동차라던지, 식품, 금융등등 사용자가 원하는대로 카테고리화 하면 좋을것 같습니다. 지금은 너무 보기 난해하고... 또 상승률이나 하락률 배당률 시총순위 보는것 있잖아요 그거 보려면 한참 내려야 해서.. 따로 항목을 만들면 좋을것 같습니다 감사합니다!!"
19,4,실시간 거래는 불가능하고. etf도 없지만 그런데로 만족 합니다
20,5,구매가 편하고 구매후 정보정리가 잘되어 있어요~
21,1,"아니 모바일otp비밀번호입력이 계속 오류나고 재발급을 해도 안되는데, 이용할 수 가 없네요. 그리고 모바일 어플에서는 계좌번호 같은 개인 내역은 볼 수 없나요? 이체나 출금같은 기능도 없고, 사용하는데 큰 문제가 있습니다. 그리고 해지하려고 하는데, otp번호를 입력하라는데, 오류가 계속나는데 어떻게 하자는지, 그리고 고객상담 인원수가 많아서 무슨 1시간이나 기다리는데 안 받고, 도대체 어떻게 해야하는지 답답해서 미치겠네요"
22,5,치폴레 좀 추가해주세요 천달라 이상의 종목들은 한 주씩 사모으기 힘드니까 그 이점때문에 미니스톡을 하는데 천달라 이상종목들은 좀 빠른 추가 부탁드립니다
23,1,아니 미수금이 왜 발생하는 건가요?고객센터에 전화하는데 한참을 기다려야되고!!!불편하네요 처음에 가입할때 만원받고 제가 추가로 돈을 넣었는데 왜 제가 추가로 넣었던 돈이 미수금으로 되나요?
24,1,"델타 항공과 시네마크 홀딩스 락되기 이전에 충분히 0.01 배당금 이상 즉, 1주 이상 되었음에도 배당금을 안주는데 왜 그런거죠. 정정되어 배당이 없어졌다 하더라도 아직까지 그 주식들은 배당금 있다고 표기되어 있고 고치셔야 정상아닌가요. 배당금 두 종목 다 받지 못했습니다. 별 news 소식도 공지 없구요."
25,1,배당금 당락일이 3월 20.일경인데 아직까지도 안들어오고있습니다. 카니발. 시네마크홀딩스. 문제는 어디고객센터 전화해도 대기순번이 50번 60번이 넘어가고 온라인 상에도 고객질문 문의 를 접수하는공간조차 없습니다. 확인바랍니다.
26,5,"좋아요‥국내주식처럼 실시간 매수,매도는 아니지만 어차피 단타치려고 한것도 아니고 느긋하게 매월 배당받는다 생각하고 고배당주 위주로 매수하고 있습니다ㆍ 한가지 부탁드릴 말씀은 배당금으로 입금된 달러를 다시 재투자 할수 있도록 해주세요ㆍ 그것만 된다면 만족합니다ㆍ"
27,2,실시간 적용안돼는걸 알고 진행하세요. 그래도 최저가 뭐 이런 시스템 없이 생각하지도 못하는 금액으로 체결되네요 정말 편리하고 좋은 앱이지만 더욱 자세히 알고 진행하면 좋을것같습니다
28,5,"주식에 관해 지식이 전혀 없지만, 취미로라도 주식을 해보고싶다는 생각을 하곤했습니다. 천원으로도 주식을 할 수있다는점에서 부담감없이 어플을 사용중입니다. 설명도 잘되어있고, 간단간단해서 좋네요. 뭐가뭔지 잘모르지만 배워나가는 심정으로 한번 해보겠습니다"
29,1,이거 실시간이 아니고 실제 주문까지 엄청 오래 걸리네요 주식이 막말로 초단위 승부로 갈때도 있는데 이건 그냥 장기투자하라고 만든겁니까? 처음 주문넣을때 들어 갔으면 이득이었는데...
30,5,매매는 바로 안되지만 주가 변화는 실시간으로 보였으면 합니다
31,3,"1. 아직도 검색이 안되는 인기 종목 많음. 추가 요청하려고 해도 종목 검색도 되지 않음 예) meli, cmg, rh, se 등 그외에도 배당주 찾다보면 인기 종목 없는 경우 많음 2. 실시간 매수 매도가 안되는 경우는 이해할 수 있음. 다만 적어도 조건식을 걸어서 매도 시점이 내 평단가보다 낮을 경우 실행하지 않았으면 좋겠음. 미국 주식은 하루에도 10% 이상 떨어지는 경우도 많은데 대응이 안됨"
32,5,아주좋아요~~ 추가되면좋을거같은 의견드립니다. 배당내역에서 월별배당내역이 확인되면 더좋을거같습니다.
33,5,잘 사용하고 있습니다 그런데 실현손익에 사고판 차액만 나오고 수수료는 계산이 안되서 나옵니다 수수료를 마이너스한 손익이 계산되어 나왔으면 합니다
34,3,간편하게 해외주식을 살수있어 사용하기 매우 편합니다...한가지 개선 사항 건의 한다면 ...차트랑 시세를 좀더 자세히 볼수있으면 좋겠네요.. 일반 주식거래 앱 만큼은 아니더라도 말이죠.. .어쨋든 앱안에서 정보를 찾고자 하니깐요..
35,1,외국인은 왜 못하죠? 제가 필리핀사람인데 외국인은 못해서.. 업데이트 꼭 해주세요! 만약 업데이트 된다면 5별 드릴게요 제발요!!
36,4,잘 쓰고 있는데 접속할때마다 울리는 소리 좀 없애주세요 로그인 할때마다 소리 울리는게 영 거북하네요..수시로 접속하는데 소리 계속 울리니까 특히 밤에는 더요
37,4,실시간으로 볼 수 없기에 실시간으로 넣었다 뺏다 하실분은 비추천 어려운 해외투자를 보기 편하게 만든 어플 진짜 잘만듬 주린이인 나도 투자 가능함
38,1,앱이 그냥 강제종료되요- 자산현황 보고 있는데 그냥 죽어요 다시 실행해서 로그인 하자마자 다시 죽어요. 앱은 방금 업데이트 했어요
39,1,"신분증 진위확인 안된다고 가입도 못하고 있네요. 민증, 운전면허 둘다 안돼요. 흥미로운건 다른 기관에선 지금까지 문제없이 돼서 신분증 문제는 없단 것."
40,3,종목들이 너무 등록이 안되어있고 배당금을 원화로 표기해주셨으면 좋겠습니다.
41,2,신분증인증하는거에서 계속 정확하게했는데 시스템오류라면서 그러네요 해결부탁드립니다
42,2,궁금한 점이 있어 리뷰 남김니다. 신규가입시 주식 일부를 제공한다하여 4월 1일 신규 가입 및 계좌 첫 계설을 했음에도 아직 뭔가를 주시지 않았습니다. 광고가 거짓말이었던건지 알려주세요
43,1,광고가 하도 거지 같아서 댓글달러왔어요. 영화도 아니고 건달에 사람위협하는 장면에 폭력쓰는 장면을 광고에 왜 넣어야했을까? 광고보고 진짜 너무 어이가 없어서 댓글 적으려고 어플설치까지 해봤네요. 학생들이 유튜브 많이 하는데 이딴 광고 볼까봐 두렵네여. 광고 내용이 홍보가 필요한 어플과의 연관성도 없고 건달을 강조하고 폭력을 강조하는건 도대체 어떤 의도인지 궁금하군요.
44,5,다른 거래소 추천 합니다 관심 주식과 구매한 주식이 같은 주식 인데도 수수료 제하고도 관심 주식은 수익률이 높고 구매한 주식은 수익률 낮습니다 반대로 관심주식의 수익률이 낮아도 구매한 주식의 수익률이 높을때도 있습니다 다만 주식 전부 팔기도 주문취소 누르지도 않았는데 지들끼리 주문취소 하더군요 테슬라 끝물일때 전부 팔기 했는데 어플에서 임의로 주문취소를해서 강제로 존버중 입니다 요약 1.관심 주식과 구매주식의 수익률 수수료 제해도 심하게 차이가 난다 2.주식 전부팔기를해도 임의로 전부팔기를 주문취소한다.
45,5,10년넘게 장기투자 하려고 하는데 만약에 시간이 오래지나서 미니스톡이 서비스를 종료하게 된다면 소수점대로 분할되어 있는 주식은 어떻게 되는건가요?
46,1,아니 진짜로 사기치시나요?? 10만원 구매가 토요일날 했는데 그때 까지만해도 11주였던 것이 월요일 구매로 뜨고 조금더 기둘려보니 왜 9주로 되어있죠?? 그리고 분명 8천원때에 샀을텐데 왜 10만원으로 9주만 샀으며 그리고 현재가가 1만원때를 돌고있는데 마이너스 3천원? 진심으로 어이가 없네요 ㅋㅋㅋ 돈으로 그리 장난하면 좋나요?? 제발 그따이로 뒤에서 돈쳐먹지 맙시다 제발 아니 초반 수수료 다 주고 샀더니 이리 등쳐먹네 ㅋㅋ
47,1,Droid-x 프로그램이 같이 실행될때 소리 안나오게 할수 없나요? 다른앱들은 실행시 소리없는데 꼭 한투에서만 앱실행시 소리나오게되서 너무 듣기 싫습니다
48,3,주식이 좀 어려워서... 탈퇴부탁드려요
49,5,실현손익 금액만 보여주지말고 %로도 같이 볼 수 있게 해주세요. 그게 더 기분 좋다는거 아시자나요.
50,1,정보가 일치하지 않는다? 핸드폰정보와 왜 일치하지 않는다고 하죠? 핸드폰 제명읜데.
51,3,요즘 반독점이 이슈가 되고 있어서 반독점 규제가 강호되서 하나의 기업이 여러개로 나뉘게 되서 상장된다면 제가 원래 가지고 있던 주식도 나눠지는 건가요?
52,5,초보인데 사용이 간편하네요.
53,5,투자하기편하고 배당도들어오고 완전좋아요
54,5,쉽게 사용할 수 있습니다. 앞으로 투자할 수있는 주식수가 더 늘어나길 바랍니다.
55,3,가입하는경로에서 제 휴대폰 번호를 입력하고 다음으로 넘어갔는데 제 예전번호로 추가인증하는게 뜨더라구요?? 그래서 가입도 안되는중입니다ㅜㅜ
56,5,주린이도 편하게 접하기에 좋아요 일괄매수 하는 방식이기에 단타하시는 분들은 비추 장기적으로 한달에 소액으로 투자하시는 분들 추천해요 대형주들은 1주당 가격도 비싸니 이렇게 소액으로 장기투자 하는것도 좋은거 같네요 다만 한투랑 연동이 좀 되었으면 좋겠네요 예를 들어 미니스탁으로 테슬라1주 보유시 한투앱에서도 적용이 되게끔요(1주이상은 한투앱에서도 매도가능하게) 매도 타이밍이라도 유저들 원하는 시간에 가능하면 좀더 불만이 없을꺼 같네요 ^^ 테슬라 1주사려고 열심히 짠돈 투자중입니다
57,5,일단 부담이 없어서 편해요 친구도 초대했어요 고맙습니다 유튜브 광고보고 시작했어요
58,1,제가 주부 다 보니 만원 정도 투자할생각입니다 근데 도 수익이 어느 정도 날수 있나요? 한 만원해서 5만원 수익난다 이런거요 될수있나요
59,4,지금 저만 안들어가지는지 모르겟는데 오늘 계속 안들어가지네요.. 수정좀해주세요 ㅜㅜ
60,3,이번에 증권계좌 개설 이벤트를 하길래 개설했더니 이벤트로 주는 주식을 안주네요;;
61,3,짜투리 돈으로 주식잘수도 있어서 재미있어요~
62,5,외국 주식을 편안하게 할수있어서 참 좋아요 감사합니다^.^
63,1,아니 개좌개설 해야 한데서 신분증 인증 하는데 뭐자꾸 다르다는거죠? 다른곳에서는 잘쓰고 있는 신분증을 짜증나서 어플 쓰겠나요.
64,1,이거 돈이 들어오기는 하나요?팔아도 안 나오던뎅 많이 배당 안해도 안나오고 떨어지기만 하던데 돈이 돼는거 맞아요?
65,3,실제로 지금 사용하고 있는데 현재는 이벤트 주식을 보유하고 있는데요 실제로 주식을 살려고 하는데 어떻게해야 살수있어요
66,1,다 원래 있던 계좐데 무슨 새로 계좌를 개설 했다고 사용을 못하게 하나요 하래는 건지 말래는 건지... 불쾌하네요
67,1,매도할때 시장가에 맞추서 매도해도 앱에서 낮은가격에 고객 주식 팔아버림 100% 돈 받을꺼 40%밖에 못받는데 수수료는 꾸역꾸역 드심 이런거 쓸바에 한국 국내주식 한다
68,5,자투리 돈이 목돈이 됩니다. 추천합니다.
69,5,"주린이 입문용으로 좋음 사람들이 매수와 매도를 실시간에 못하는게 단점이라 하는데 그럴거면 AI가 아닌 실시간 판으로 넘어가시고(하지만 최종결제는 있었으면 함 투자를 한만큼 0.1퍼도 우리에겐 실과 득임) 소액으로도 결제가 가능하니 술 한번 마실 돈, 담배 한갑 사필 돈으로 잘해보시길 글구 각 품목안에 관련뉴스 자료도 있으니 꼭 읽어보시고 투자하시길^.^ 적은 돈인만큼 남들이 벌어가는 수익률 기대하진 마시고 소액으로 하시면 공과금정도 벌어간다 생각하심 될듯ㅎㅎㅎ 투기를 하지마시고 투자를 하시고 건투들 하십쇼! 전 1달반동안 수익률 2...
전체 리뷰"
70,3,천원으로도 쉽게 투자한다는게 장점이지만 내가 원하는 타이밍에 팔 수 없는게. 그거 하나가 너무 치명적인 단점임을 느끼고 사용안 할 듯함. 내가 재수없는건지 몰라도 매도 걸어두면 지수하락때는 장 거의 끝나갈때 바닥에 팔리더니 지수상승때는 장 초반에 후딱 팔아버림.ㅋㅋㅋ
71,1,뱅키스에서 통합증거금(원화로 해외주식 거래)신청하려면 미니스탁에 가입되어 있으면 안됩니다. 해지하고 신청해야하는데 유선으로밖에 해지가 안됨. 유선 연결하려면 최소 20분 걸립니다. 기초적인 인프라도 안 갖춰놓고 서비스 시작하지 마세요. 같은 한투끼리는 연동 되어야하는거 아닌가요! 궁금하면 전화하라고 매크로 답변 해대면서 정작 전화는 안받는 전형적인 악덕 서비스네요.
72,1,계좌계설하고 28일이지나도 회원가입못하게하는건 너무한거아닌가요
73,5,해외 주식과 해외 채권을 함께 투자하고 있습니다. 미니스탁이 처음이고 찾아봐도 정보가 나오지 않아 문의 드립니다. 주식에서 나온 배당을 채권 쪽으로 보내려고 합니다. 배당금으로 들어온 달러를 환전없이 다른 계좌로 이체할 수 있나요? 답변 부탁드립니다.
74,3,"미니스탁을 장기적으로 이용하고 싶은 사람입니다. 현재 기업 수가 적은 건 늘려가고 있고 지금 있는 기업으로도 충분히 수익을 낼 수 있어서 큰 문제가 아니라고 생각합니다. 제가 원할 때 매수를 하지 못 하는 것도 장기적으로 투자하는 입장에서는 넘어갈 수 있는 부분이라 생각합니다. 하지만 제가 생각하는 이 어플의 가장 큰 문제점은 수수료 부분 입니다. 기업이 수익이 나는 구조와 직접적으로 연결되는 부분이니 민감하실 수 있지만 이 어플을 사랑하는 사람의 입장에서는 다른 해외주식어플만큼만 이벤트를 실시하여 수수료할인을 해주신다면 저는 이 ...
전체 리뷰"
75,1,실시간 주문처리로 바꿔주세요
76,1,인증번호 입력칸이 없는데 어케 인증하죠? 겔노트9 하고 Tab-S6하고 전혀 않되네요
77,2,3일 뒤 결제가 너무 안좋네요 제가 원하는 가격에 들어가지도 못하고 거래 신청 후에 가격이 달라졌으면 거래하지 말아야지 하루 5퍼씩 달라지는 회사들은 제가 원하는 금액보다 5퍼센트 올라간 가격에 구입하는게 투자거래에서 얼마나 큰 손실인데.... 거래를 하기전에 가격이 올랐으면 거래 최종승인 요청을 하던지 아니면 그 가격때에만 구입할 수 있는 방법을 만들던지 해주세요
78,4,유용하게 잘쓰고 있습니다. 이용한지 얼마되지 않았지만 제가 구매한날부터 매일 주식수익율을 확인할수 있었으면합니다. 당일만 알수있으니 전일이나 전전일수익률을 알수있는 방법이 없네요
79,5,"저는 이 어플이 굉장히 좋다고 생각하는데, 좀 개선 내지 건의사항이 잇어서 여기에 적습니다. 1. 차트 가독성 : 좌우 여백이 아예 없어서, 최근 등락을 확인하는게 어려운거같아요. 여느 주식어플 기능이 추가될 필요는없겠지만, 좌우 여백만 좀 있었으면 좋을거 같아요. 추가로 첨언하자면, 캔들차트로도 볼수있게 기능을 추가하면 좀더 편안해질거같습니다 ㅎㅎ;; 2. 주 은행과 연동해서, 농협 나무앱에서 시도했던건데, 커피 간식 이런 지출을 참을때마다 버튼을 누르면 해당 금액으로 주식계좌에 자동이체가 되게 하면 좋을거같습니다.(어려울경우 한...
전체 리뷰"
80,5,미수금이 아직 생기지 않았는데 미수금 관련 리뷰때문에.. 초기라.. 무서운데.. 어플에 4일후 출금 가능 이런게 뜨는데 4일후 출금가능이라는 글만 잘 지키면.. 미수금 관련으로 피 볼일 없나요???
81,1,미러링 오류 떠요
82,1,1. 한번에 몰아서 구매하는 형식이다보니 원하는 타이밍에 매수하기 어려움. 2. 분명히 손익률이 +인 주식인데 매도하면 매도가 보다 낮음. 수수료를 때가는지 뭔지 구매자가 모름. 3. 입문용 주식으로는 괜찮지만 너무 불편하다. 4★ 매도하고 입금까지 5일 걸림. 5일은 좀 아니지않나?ㅋㅋㅋ 이건 좀..;; 5. 재미있긴 했지만 다시는 사용하지 않을 것 같다.
83,5,"미니스탁의 매커니즘 자체는 매우 좋습니다. 개인에게 있어 소수점 매수가 매우 매력적입니다. 인터페이스도 심플 및 직관적이어서 보기 편하네요 ㅎㅎㅎ 다만, 한가지 건의 드리고 싶은게 있습니다. 저 같은 경우는 주당 가격을 달러로 보는 편인데, 미니스탁 같은 경우는 1주당 평균 구매 가격을 한화로 밖에 볼 수 없어 조금 불편한 것 같습니다. 달러로도 1주당 평균 구매 가격을 볼 수 있음 좋겠네요ㅎㅎ 개선할 수 있으면 개선 부탁드립니다~"
84,4,배당금으로 들어온 달러로 재매수를 할 수 없어 안좋습니다. 원화로 바꾸면서 수수료 내고 다시 재투자하려면 또다시 달러로 바뀌면서 수수료 내고... 우대환도 팔때 80% 살때 60% 라서 다른 증권사에 비해 아쉬워요. 배당 들어온 달러로 직접 매수도 가능하다면 좋겠어요
85,4,장점. UI가 간단해서 사용하기 편하고 회사에 대한 소개가 있어서 좋다. 주식 처음하는 초보들에게는 좋은 앱. 단점.소수점이기 때문에 거래 체결에 있어서 손해를 본다.구매 방식이 어쩔 수 없지만 소수점으로 모아서 1주가 된다면 매도는 실시간이나 지정가로 팔게 했음 좋겠다.미니스탁으로 해외주식을해서 25% 수익을 보고 있지만 매도가 실시간이 아니라서 결국 타증권사 실시간 사용을 하고 있다. 매도만 실시간이라면 짜투리 돈은 무조건 미니스탁에 쓸 의향이 있다. 검토해주세요.
86,5,"느낀점 1. 주린이에게 주식시장 입문처 2. 분야별, 회사에 대한 설명으로 이해에 큰 도움 3. 선택한 주식의 +, - 쉽게 확인되어 접근성이 좋음 4. 소숫점이라도 내가 선택한 주식(회사)이기에 +면 므흣하고 - 면 안타까움을 느끼게 해줌 5. 주린이가 주식을 이해하는 방향을 잡아줌 6. 정수가 되지 못한 매수량을 미니스탁(한국투자증권)이 함께 구매하여 정수매수하니 믿음직(리스크를 함께 한다는...) 7. 기본적으로 미래가치를 갖춘 회사를 추천한다는 뜻 8. 실시간 아니기에 당연히 투기성이 될 수 없고, 차익실현이 궁극적 목표라면...
전체 리뷰"
87,2,배당금은 어떻게 빼서 투자해야 되는지요
88,4,"일단 해외거래를 쉽게 경험 하게 해준다는데 높은 점수를 줄수 있지만 실시간, 가격지정 매매 가 꼭 필요 합니다. 그리고 추가 요청 주식 메뉴 좀 넣어 주세요 검색 하면 유사한 품목만 나오고 요청 할수 가 없어요 QQQ, SPY 같은 ETF 나 QUALCOMM 같은 종목도 사고 싶은데 요청 조차 하기 힘드네요. 솔직히 타 업체(카카오 증권 등)에서 소수점 구매에 위 단점 보완한 서비스 나오면 넘어갈 사람 많을것 같습니다."
89,4,"한가지 수정 요청드립니다 앱 실행 시 함께 실행되는 droid x 보안프로그램이 앱 종료시에도 종료되지 않고 알림바에 실행되고 있어 너무 불편합니다. 한국투자증권, 삼성페이 등 동일한 보안프로그램을 쓰는 앱은 앱 종료 시 같이 종료됩니다 상세 증상 다음과 같습니다 1. 미니스탁 초기화면이 아닌 상태에서 최근앱을 열고 종료 시: 보안프로그램 종료 안됨 2. 미니스탁 초기화면에서 최근앱 열고 종료 시: 보안프로그램 가끔 종료됨, 대부분 남아있음 3. 미니스탁 초기화면에서 뒤로가기 눌러서 얼럿창 띄운 후 종료 시: 보안프로그램 종료됨 1...
전체 리뷰"
90,5,장바구니 금액 한번에 설정하기 기능 만들어주세요. 관심 리스트에서 처럼 모든 리스트에서 체크 옵션을 통한 장바구니 넣기 해주세요.
91,3,"주린이가 시작하기에는 적합한 ui로 인하여 사용환경이 편안함.다만 문제점은 미국 주식밖에 안된다는 점과 이름이 나있는 대기업밖에 없다는 것이다.투자가능한 종목의 수가 많지도 않아서 문제이다.이러한 점을 개선하여 지금같은 인터페이스에 해외주식 종목을 늘리고 국내주식,금도 가능하게 했으면 한다는것이다."
92,5,정말 UI 가 최고로 느껴지고 주식 입문자에게 좋은 앱이라고 생각합니다. 배당 일정이 필요했는데 그 기능도 이번에 새로 추가되어서 좋다고 느끼네요. 1. 구매시 해당 주식실질적으로 소유할 수 있는 날이 떳으면 좋겠습니다. 2. 주식의 주주들간의 간단한 의견댓글을 달수 있는 기능이 있으면 좋을듯 합니다. 소소한 재미가 있거든요.
93,5,좋습니다! 적은 돈으로 장기투자하기에 편리합니다. 매수할 수 있는 종목에 리얼티 인컴도 추가해주세요. 월배당 러버로서 리얼티 인컴을 매수 못한다는게 너무나도 치명적입니다. ㅠㅠ
94,2,미니스탁 처음 가입하고 계좌개설뒤 구매하려는데 해외거래계좌가 아니라 나옵니다. 그리고 보너스 주식도 안들어왔는데 어떻게 된거죠?(한투계좌없었음)
95,4,"매일매일 소액을 구매하고 있는 사람입니다. 현재는 한종목 한종목씩 구매가 가능한데, 일괄구매 기능이 추가되면 좋겠습니다. 예를 들어 현재 보유주식 화면에서 보유한 종목을 꾹 누르면 왼쪽에 체크박스가 뜨고, 구매할 종목을 체크체크 한 다음에 아래쪽에 구매금액을 입력 후 '선택한 종목 일괄구매' 버튼을 누르는 식입니다. 향후 업데이트 시 고려해주시면 감사하겠습니다."
96,5,처음에 무료로 시작할수있어서 너무 좋아요
97,5,안녕하세요 광고문구도 잼나고 그리고 제가좋아하는기업을 부담없이 매수할수있는게 좋았구요 저처럼 성격급하고 다혈질인사람한테 좋은거같아요 바로바로 확인이안되니까 아무래도 매도를 자주안해서 국내주식은 엄청까먹었는데 미니스탁덕분에 아침이 즐겁습니다 중국주식도 매수하기에 넘부담스러운데 미니스탁처럼 만들어주시면 좋을듯해요 새해복마니받으시구요
98,1,기존폰에서 쓰다가 기존폰이 고장이 나서 새전화번호 개통폰에서 쓰려고 인증 받으려 했더니 기존폰 전번으로 인증 받으라고 뜨네요 아니 새전번 개통한 유저는 어케 쓰라는 거예요? 고객센터 전화 해야함? 귀찮게
99,5,카뱅에 있는 기능보다 더 세부기능이 있어 설치했습니다. 거래가를 지정못하고 하루 1회밖에 안되니 단타를 강제로 방지하는 효과가 있어 조급함을 내려놓을 수 있겠네요. 저 아래 자기 의도와는 반대로 매수.매도한다고 별점 테러를 했든데 역으로 맞추는 재주가 있는듯. 패턴을 반대로 하면 돈벌겠네요. 미니스탁이 뭐 할일이 없어서 한 개인의 돈을 일부러 손해내게 하려고 고가매수 저가매도를 하겠습니까. 말이 되는 소릴해야지. 근데 전 왜 그래프위에 현재가가 안나올까요?? 등락폭 가격만 나오고.
100,2,탈퇴를할려고하는데전화도안받아요 기다리기만하고
101,1,본인인증하는데 신용평가사에 등록된 이릉과 주민등록번호가 일치하지 않는다고 계속 오류 발생.
102,5,간편하게 주식에 대해 배워갈수 있어서 좋아요! 친구한테 추천 받아서 처음 깔아봤는데 첫 투자가 부담스러울 사람을 위해서인지 처음에 약간의 주를 제공해주어서 좋았고 제가 원하는 곳과 하나 추천해서 주었는데 관심분야를 넓힐수 있어서 좋았어요~ 한달정도 관심가지고 살펴보았고 이제 슬슬 저도 조금씩 투자해보려고 합니다! 아직 시스템이 완전히 익혀지진 않았지만 소소하게요 ㅎㅎ 아 그리고 어떤 주식에 관해서 설명 뿐만 아니라 전망과 기사 등이 다 나오는게 너무 편리했어요!
103,3,계좌개설이 안됩니다. 다른 증권사에서 이미 2개 이상의 계좌를 만들어서 계좌개설이 불가능하다고 뜨구요 한달 후에나 다시 계좌계설하러 오시라고 뜨네요. 아니면 상담 번호로 전화걸라고 해서 전화걸었는데 보이는 ARS가 뜨더군요. 계좌개설 문제 상담을 위한 연결 버튼이 있는데 아무리 눌러도 반응이 없습니다.. 데이터 통화료만 날렸습니다. 계좌개설 좀 도와주세요.
104,1,실시간 주가 반영도 안되고 무엇보다도 바로구매가 안되고 몇 일씩이나 기다려야한다는게... 환전했을때도 5일은 걸려서 입금되고 걍 주식이랑 상관없는 앱인것같네요. 뭐 장기투자 할거면 상관없는데..
105,3,"앱에서 배당내역을 조회하면 ""account 오류 업무로직처리중 오류가 발생하였습니다""라는 메세지가 뜨고 더이상 진행이되지않습니다. 업데이트도 없구요. 조속히 문제점 확인 및 시정부탁합니다."
106,4,"직관적인 UI로 사용하기 편리함 현재 20만원 투자로 110만으로 불려놓았음. 자동차 기름값이나 벌자 하고 시작한건데 그이상의 수익이 발생하는중..투잡뛰긴 힘든시기이고 자잘하지만 벌고는 있으니..나름 투잡이 될지도;;어느새 목표는 20만원으로 천만원 만들기가 되서 도전중. 직장인인지라 실시간 주식에 손을 댈수 없었는데 주문체결방식이라 하루 두어번 정도만 체크해주면 되는지라 개인적으론 최적의 주식임. 어느정도 예측을 하고 투자를 해야하기에 그에 필요한 정보나 뉴스를 찾다보니 경제공부도 나름 된다생각함. *추가로 미니스탁 컨셉자체가 주...
전체 리뷰"
107,3,"이거 주문하려는데 오류가 있는거같아요 처음에 최소주문금액이 11원 으로 적혀있고 제가 만원어치를 사보려는데 부족금액이 9000원대로 늘어나더라고요, 사려는 금액을 늘리고 줄여보았는데 그에따라 부족하다는 금액도 같이 늘고 줄어듭니다. 이거 어떻게해야 구매할 수 있는가요?"
108,1,이거 깔지 마세요 정말 최악입니다 내가 넣었던 가격에 매수를 해줘야지 돈이 엄청 올라간 상태에서 매수해버리니 손해를 봤네요
109,1,아니 도대체 뭣때문에 미수금이 생겼다는거요? 내가 돈이 필요해서 샀던거 팔고 금액 이체를 했고 그 다음에 뭘 사지도 않았고 주문도 안했는데 뭔 미수금? 깜짝 놀래서 입금하고 다시 몇번이고 확인해도 미수금 나올데가 없는데 미수금 타령이요? 내가 한국투자증권에 계속 전화해도 받지도 않고 진짜 얼탱이 빠지네
110,2,폰에 아무것도 안 깔아놨는데 HACKTOOL CATCH_ME_IF_YOU_CAN 저런 문구 나오는거 재밌긴 한데 감지된 파일 이름을 알려줘야 지우든 말든 할듯 아무리 찾아봐도 모르겠음..
111,5,안녕하세요 주식을 하고 싶은 청소년입니다. 미니스탁이 주린이들이 하기 편하다고 추천을 받아서 깔아봤는데 청소년이 못하게 되어있더라구요 ㅠㅠ 부모님동의가 있으면 할 수있다고 들었습니다
112,1,보이는 ARS 좀 수정해주세요. 들어갈때마다 버퍼링 장난아니고 입력해서 확인을 눌러도 다음 화면으로 넘어가지 않고 그거 뜨기를 기다리고있는데 입력시간 지났다고 하고 뭐 때문인지 다른거 할땐 멀쩡한 화면이 보이는 ARS들어가면 깜빡꺼리고 터치도 안먹히고 진짜 이럴꺼면 그냥 음성으로만 하면 될텐데 진짜.. 고객센터 전화하다 저혈압이 낫았어요.
113,1,수수료 장난하나요? 사이먼 프로퍼티 그룹 1주 배당 1242원 받고 내 계좌로 이체하는데 수수료 500원? 그럼 남는게 700원 되는데요 ㅋㅋㅋㅋ
114,1,중간에 핸드폰 번호가 바뀌어 추가본인인증에서 예전폰번호가계속나와서 접속을 못하고 있습니다.
115,4,길게 보면서 공부한단 생각으로 입문초심자한테 좋은것같아요. 다만 관심종목 제한이 너무 적어서.. 아예 페이지를 따로빼서 모아볼 수 있었으면 좋겠어요
116,1,유튜브 보려고 했는데 처음부터 주식 광고 나와서 1번 해볼까 하고 가능한 나이 확인하니깐 3세부터 가능하다 나와놓고 들어가서 주민번호 하니깐 만 19세부터 가능하다고 하는 건 뭐 조 무슨 다운로드 순위 올린 려고 3세부터 가능하다 써놓은 건가요 제발 좀 나이 수정해 주세요
117,1,화가 난다. 돈 떼이는 기분 다수의 소숫점을 몰아서 매수 매도 하는거 좋다 매번 종가보다 높게 사고 또 싸개 판다 또 이런 변명 할거다 모아서 하다보니 체결 시간 가격 지정 모한다고 그래도 그렇지 왜 매번 항상 높은 가격에 매수 하냐고 왜 매번 싼가격에 매도 하는지 줏가 오른 거보고 팔면 뭐하냐 실ㄹ시간 아니라며 주가 올라서 좋다고 내 놓으면 싼 가격에 팔ㄹ아 치우는데 문의 할려고 전화 하면 하루 종일 대기 해야 되고 통화 한 번 제대로 못한다 결론 초보들이 보기 편한 것 빼고 제로다 제로
118,1,개발자님!!저 며칠째 여러번 시도하는 중인데요 시작하기 클릭후 주민등록번호 쓰는 창에서 주민번호 앞자리쓰고 뒷자리쓰면 앞자리 계속 지워지네요 확인좀해주세요!!!! 왜 안되죠?????
119,4,해외주식 입문자용으로 참 좋아요. 직관성이 뛰어나고 편리하지요 적은금액하는거면 이거가 딱이에요. 매수금액이나 타이밍을 정할 수 없다는게 아쉬운점입니다.
120,2,4자리 비밀번호를 5번 틀렸다고 지점방문해서 오류해제하라니요. 신분증촬영해서 비대면으로 오류해제및 재등록 가능하게 해주세요.
121,3,"장점:소수점거래가능 해외주식구매간편 단점:어마무시한 수수료, 장기투자외 거래 어려움(체결까지 오래걸림)"
122,1,매수매도를 일반개미들 보다 실력이 못하면 어떻합니까....남돈이라고 너무 막 싸지르고 너무막 팔아재끼네ㅡㅡ..거기직원들좀 짤라요.ai로 하는거면 프로그램을 어케 개선좀 .하시고
123,4,일반적인 정수형 실시간 매수매도 방식도 한번 검토해주시기 바랍니다. UI가 이미 굉장히 편해서 더욱 매력적으로 끌어모을 수 있지 않을까 생각됩니다.
124,1,한두푼 넣을거 아니면 쓰지마세요 딱 입문용입니다. 증권사 옮기지도 못하고 실시간 거래가도 아니라서 되팔때 손해 많이 봅니다. 10만원정돈 돈도 아니다 싶으면 쓰세요
125,4,디자인이나 테마별로 정리 된거 등 많은 부분이 마음에 드는데 바이오 관련주나 사고 싶은 종목이 없는게 너무 아쉬워요
126,5,"지금 구매한 주식이 60개가 넘습니다. 1달에 1번 적금처럼 넣고 있습니다. 그런데, 한번에 60개를 사려면 120번이 넘는 터치를 해야합니다. 기존 가지고 있는 주식에 추가구매를 일괄구매할 수 있도록 개편 부탁드립니다."
127,5,과거 배당내역까지 추가되어 더 좋아졌어요.실시간 아니라고 불만들 많은데 단타 트레이딩자주 해봐야 증권사랑 세금만 내고 남는것도 없지요.. 푼돈으로 꾸준히 장투목적으로 접근하면 최고라고 생각합니다. 리얼티인컴이 없는건 너무 아쉽지만...
128,5,초보에게 어려울 수 있는 주식매매를 직관적이고 쉽게 만들어 주셔서 정말 감사합니다 ~ 수수료를 좀 만 더 저렴하게 해주시면 좋을 것 같아요 ^^
129,5,"주식 입문하기에 정말 좋다고 생각됩니다. 짤막한 기업 정보, 1년 내 최고, 최저가, 보기 편한 기간별 추이..."
130,2,"편하긴한데 매수가를 너무 높게 잡아서 이득보기가힘듬 매도가도 마찬가지겟지,. 자기들네 말로는 그날 매수한 사람들 평균값을내서 나눈다는데 난 고점에 물려도 너무 고점에 물리고 1주살거 0.88주 사짐. 그날 종가는35.18이엿고 그전날 종가는35.66이엿음 하지만 난 40.15달러에 매수체결이됌 먼가 신비함"
131,2,원하는 금액만큼 사는건 분명 메리트지만 사고파는데 시간이 오래갈리는 것과 실시간 거래가 아닌것이 너무 큰 디메리트다
132,3,"매수, 매도 때 손해본다는 사람들 그럼 미국 장시간에 맞춰서 새벽에 1주 가격 다주면서 하든가 소수점 매도 가능한곳은 여기랑 신한인데 둘다 평균가격으로 매수 매도 됩니다. 알고 비판하시길..이 어플은 엉덩이 무겁게 5년보고 가는게 답입니다. 단타 꿈도꾸지마세요. 그리고 운영자분..건의가 있는데요.. 니오나 샤오펑, 리오토 같은 전기차 관련주도 좀 올려주세요. 너무 대표주들만 있으니.. 본 부서에 의견 좀 넣어주세요"
133,1,새해맞이 오류이벤트인가요? 새해 아침부터 카톡오길래 봤더니 난데없이 비밀번호 오류라니ㅋㅋ 지문인증으로 로그인해왔는데 로그인이 안됩니다. 간편비밀번호로도 로그인이 안되네요. 비번 재등록후 쓰라는데 뭔 접속이 되어야 바꾸든말든하죠? 어이가없네ㅋ 제가 뭘 어떡하면 되나요?
134,1,"루팅된 휴대폰이라 사용할수없다. 이게 끝인가요? 들어가있는 돈들도 잇고 한데, 해결방안을 가르쳐주셔야죠 ;;;;;;"
135,3,잘 사용하고 있었는데 갑자기 미러링 어쩌고 하면서 안되는데 지우고 다시 깔아도 그런데 어떻게 해야 하나요..?ㅠㅜㅠㅠ
136,5,"주린이라 편리한 앱입니다. 자꾸 기능을 넣는게 내부적으로 협의할때는 이기겠지만, 미니스탁에 맞는건지는 모르겠네요."
137,1,입출금 및 거래처리속도 폭망.. 단타자에게는 완전비추 출금은 또 왜캐느려 .. 2~3일을 기다렸는데 출금신청 또 4일 더 기다리래
138,3,입문용으로하고 단타치면 매매수수료및 자동환전수수료로 다 뜯기는경우가있으니 절대장기로만 사용바람
139,5,친구가 소개해줘서 시작해봤는데 투자 왕초보 입장에서 너무 이해하기 좋게 잘 만들어진 어플이라 생각됩니다. 덕분에 치킨값 벌어서갑니다.
140,1,우량주 위주로살수있는건좋은데 살수없더라도 전종목 검색이라도 되면 좋겠네요 그래야 추가요청이라도 할수있죠 bioc 등록하고싶은데 종목조회자체가 안되네요 이런점 좀고쳐주세요
141,3,잘 사용하고 잇으나 pc 버전이 있으면 정말 좋겠습니다
142,5,너무 잘 사용하고있습니다 한가지 바라는점이있다면 관심주식 20건이 작은것 같습니다. 늘려주실수 있으시면 개선 되었으면 합니다
143,5,조아요! 관심 주식 순서를 변경할수있으면 좋겠어요
144,1,만3세 이상 이 표시 되있어서 깔았는데 만19세 이상이라뇨.. 나이제한이 있다면 그런것도 표시를 해주셔야죠
145,2,어플이 안열려요. 너무 무거움
146,5,최고다..원하는 주식관련 앱을 만들어 주셔서 감사합니다.
147,3,매도되서 입금완료 라고 떴는데 돈이 안들어온것같습니다...어떻게 확인해야하나요
148,1,경쟁사와 같이 1주 이상 모이면 장중에 실시간 거래가 가능하도록 지원해줘야될듯 이거 안되면 이번에 다뺀다음에 다시 안들어올 예정임
149,1,이거 진짜 비추천해요. 천원단위로 투자할거 아니면 하지마세요. 실시간으로 하는게 아니라서 팔때도 5일정도 걸리고 내꺼가 내꺼가 아닙니더
150,5,타증권사와 비교 했을때 어플 넘 심플하니 예쁘고 초보자도 사용하기쉽게 너무 너무 잘만들어졌어요.
151,1,아니 주문취소 어케하는거냐 돈만 날려네 아놔 좀 자세히 써놓던지 하..내돈
152,5,"다크테마도 만들어 주세요~ 전력 아낄 수 있고, 눈의 피로를 줄여 줄 수 있게끔요."
153,5,해외주식을 간편하고 소액으로도 구매할 수 있어 좋네요
154,2,이 앱을 그만둘려고 해서 가지고 있는돈을 다른계좌로 보낼려는데 팔기밖에 없네요
155,3,추가 본인인증 번호를 바꿀 수 있을까요? 전화번호와 기기를 변경한 후 로그인을 시도했더니 예전 번호로 인증전화가 가서 인증을 못하고있어요...
156,1,아니 무슨 해지하는걸 왜 전화로만 가능 한가요? 가입할때도 전화로 하세요 쯧쯧
157,4,"질문드려요. 계좌개설 후, 주식계좌에 이체한후 해외주식을 매수하게되면 자동으로 달러로 환전되서 해외주식을 사게되는건가요?"
158,1,앱사용자의 대세 성향을 잘못 예측한거 같음. 이 앱 주타겟층을 누구라 생각한건지. 포지셔닝이 애매해 장기적으로 사라질 앱임. 이 앱 유지보수에 돈 쓸바에 기존 뱅키스앱이나 제대로 보완해라 한심하다
159,1,팔기하고 바로이제할수있다고생각해는데 안대요 내돈인데 왜이제는 안대는데정말실타 빨리이제할수있게해결해주세요
160,2,자꾸 에러남 창이닫혀버리네요 ROOTE /sbin/.magisk 라는 창뜨고 확인 누른면 앱이종료됨 앱이안들어가져요
161,5,구매가 편리한게 제일 큰 장점같아요. 일괄매도 기능도 있으면 좋겠습니다
162,5,좋은데 미국의 대형주를 많이 넣어주셨으면합니다 유니티같은 기업 100달러이상인 기업을 넣어주시면 더욱더 괜찮을거같습니다
163,3,무슨 일일까요... 저는 삼전 주식을 30만원으로 한번에 매수한적이 없는데 내역에 그렇게 나와있고 그래서 주문 가능 금액이 마이너스 4만이네요... 여러번 사고 팔면 한번에 묶여서 나온다던가 그런건가요
164,3,깔고 해보려는데 신분증이 안 맞다고 하네요
165,5,"매도시 자동환전안되는옵션, 달러매수도 가능하게좀 해주세요"
166,1,아니 최근에 계좌 뭐 만든게 없는데 회원가입이 안돼요ㅋㅋㅋㅋ 진짜 어이없네
167,3,ETF도 거래가 가능했으면 좋겠습니다~ 하고는 싶은대 하는 방법을 몰라서 못하고 있거든요ㅜㅜ
168,2,"실시간으로 매수, 매도 가능하도록 개선해주세요."
169,4,장기 투자용으로 적절함 단타하시는분은 딴거쓰세요
170,5,한국투자앱보다 이게 훨 좋음. 국내 투자도 이런게 있었으면 하면서 천원은 아니더라도 이런식으로 국내 주식을 살 수 있으면 좋겠습니다.
171,1,진짜 구매하는것도 느리고 파는것됴 느리고 최악임
172,5,주린이 해외주식 입문용으로 딱 좋음 실전으로 돈쓰면서 익히는게 좋음 딱 여기까지고 실제 해외투자는 다른 어플로 해야함
173,4,ARS 인증에서 계속 실패가 됩니다. 카뱅앱에서는 잘되는데 정작 미니스탁은 로그인도 못하고 있네요.
174,2,갑자기 에러 메세지가 뜨고 어플어 들어갈수 없어요ㅠ
175,5,사고싶은거 사려고 소액으로 해외주식 해보는데 나름 생각보다 이득보고 있네요ㅋㅋㅋㅋㅋ 사고 팔 때 내가 원하는 금액에 체결이 안되는건 분명 단점이 맞지만 비싼 주식들을 1000원부터 살 수 있어서 다양한 종목들을 구입할 수 있는건 좋은것 같아요!
176,1,아니 도대체가 인증을 하고 들어갈수있어야지 뭘해보던가 할텐데 신분증 인증이 안되는데 뭘하나요
177,3,제가 휴대폰 번호를 바꿨는데 추가 본인인증을 진행해야 할 때 이전번호로 인증이 뜨더라고요 이럴때는 어떻게 해야 하나요?
178,5,만원으로도 세계적인 기업에 주식을 소유할수있어서 너무 좋습니다. 그런데 환율우대율 좀 올려주세요. 수수료도 비싼데ㅠㅠ 그리고 매입금액도 같이 표기되게해주세요
179,4,꾸준히 모아서 1주가 되면 일반 주식처럼 취급가능한가요?한국투자증권 어플로 실시간 거래가 가능하다거나...
180,1,이거 왜 돈이 안들어와요😡😡😡😡😠😡😠😡😠😡 화나내여 😡😠😡😠😡😠😡😠😡
181,5,소액으로 미국주식 할수있어서 사용상 만족합니다
182,1,+때 팔아도 수익이 -가 되서 팔리는 기적! 1월 26일부터 28일 까지 테슬라 평단가 970000~ 930000원 대인데 어떻게 쳐팔면 900000원에 쳐 파시는건지 초등학생 데리고 거래하시는건가요?
183,1,아무리 매수가격을 지정 못한다고 고지했지만서도 급등하는데 상투 잡아 놓더이다 돌아버림
184,2,주식을 하는 사람이 넣는건가요 그냥 오토로 때려박는건가요 어떻게 불장에서 첫날 손실을 보죠 주식잘모르고 시드가 없으신분들께는 추천. 하지만 남에게 돈을 맡기는기분이라 전 영 꺼림칙합니다
185,5,아쉬웠던 부분이 개선되니 더 보기도 수월하고 믿음이 가네요.
186,5,간단해서 인맥분들께 가르쳐 주기 편했어요.
187,5,국내주식도 미니스탁 처럼 나온거 없나요? 초보라 다른건 너무복잡해서 ㅡㅡ
188,5,주린이에게 망설이지 않고 가볍게 시작할수있어서 좋아요~
189,5,3개월째데 괜찮게하고있습니다 근데 매수를하면 내가 원하는 금액을 설정하고 매수를했으면 좋겠습니다
190,2,다 좋은데 매도 시 달러로 받을 수 있게 해주세요.
191,5,좋아요 그런데 실시간 반영은 언제쯤 될까요...
192,1,개 그지같은게 주민등록증 인식을 못함
193,5,참쉽고 적은돈으로 내가 유명회사 지주가된다. 이런 어플 칭찬합니다. 개인투자자들이 원하는 회사 편입할수 있게 어플에 요구사항 올리는 기능 추가 해주면 더 칭찬할수 있습니다.ㅎ
194,3,저는 초기계설인데 랜덤주식 2000원밖에 안주나요.... 왜 다른사람들은 통장개설하니까 8000원씩 더주나요??ㅠㅠㅠ
195,4,한투계좌 신규 발급 받았는데 8000원 짜리 언제 주죠? 2000원 짜린 바로 들어 왔는데.. 일단 일반 hts보단 사용하기 편하거 같아요
196,4,실시간 매도 매수좀 가능하게 해주면 안될까요?
197,4,수익률은 기준이 뭔가요? 평균 매수가보다 지금 가격이 높은데 -가 되어있더라고요.
198,5,제가산미국 주식 배당 무슨달에나오는지알고싶어요 그리고 무슨달에 몇달러나오는지 알려주면 좋겠습니다. 그리고 배당받기 전날에 미리알려주는 센스까지 미니스탁 밑에칸에 배당란을 따로만들어주세요 그러면 주식모아가는재미가 더커질것같네요!!!
199,1,캐노피그로쓰가 엊ㅅ네요.. ㅠㅠ 확실히 돈되는 주식은 없고 투기성 주식만 올려둔듯
200,1,보유주식의 80%가 넘어야 매매 가능 100만원짜린디 80만원이 없다 ㅡ.ㅡ
201,1,앱 로그인이 안댄다 모가 문제인지??
202,1,돈찾는건 어떻게하나요 수익난배당금 제통장으로 받을려면 어떻게하나요
203,1,없는티커가 왜이리많아요? 검색하는거 다 안나옴...
204,1,lg v50앱로그인안됨 실행시 환영합니다 흰화면에서 진행안됨 다부셔졋냐
205,5,정확한 정보.신속한 시세를 보여주기
206,1,회원탈퇴하고자 하는데 직원들이 너무 연락을 안받는다.
207,5,주식 배당금은 따로 신청하거나 환급하지 않아도 미니스탁에 연결된 한국투자증권 계좌로 알아서 입금되는건가요? 달러로 입금되나요???
208,3,6000원 어치 주식 왜안주시나요
209,4,좋은 다만 일부업체 정보가 잘못 표기됨 인텔이 반도체 2위라질않나 일부 정보가 틀림
210,4,사용하기편합니다.종목이 더 많아지면 좋겠어요
211,5,편하고 쉽고 빠르다
212,5,대충 주식 찍먹해볼 사람들한테는 좋은듯 난 그냥 나무 쓸랜다
213,1,별점 1점도 아까움 실시간이 아니니 대응자체가 안됨
214,1,미국주식 2월1일날 팔기 했고 2월1일날 장열리고 올랐는데 왜 돈을 이따구로 적게 입금되죠? 최저점일때 팔린거 같은데? 중간도 아니고?
215,4,다른건 다 좋은데 가끔 HACKTOOL어쩌고 뜨면서 앱사용 안 되는 건 왜 그런거죠?
216,4,왜 계좌개설이 되었다고 개설이안되는건가요 ㅠㅠ
217,1,계좌개설 11월말부터 지금까지 같은 내용으로 1달이후에 하라고 하고 안되고있습니다.
218,5,관심종목 모두보기 탭이 있었으면 좋겠어요
219,1,개수작떠는 어플입니다 당하지마세요 판매도 내밈대로 못하게 막는 어플임
220,2,주식 잠깐 끊었다가 다시 시작해보려고하는데 예전에 비밀번호가 생각이 안나서 치다가5회 오류가났습니다..그런데 이럴경우에 해결방법이 나와있긴한데 자세하게 나와있지않아서 어떻게 해야할지 모르겠어요...ㅠ 아니면 새로 계좌 개설하는 방법이 따로 없나요..?
221,1,주식좀보려고하는데이어플 한국주식인가 번호을알려줬는데 없는번호라함 아니 내주식알고싶은데 방법도없고 알지도못하는데 주식상황이 궁금해요 이메일보냈더니 답변도 없고요
222,5,간편합니다 혹시 캡콤추가 가능한가요?
223,2,"내가 사고자하는 금액으로 못사고, 내가 팔고자 하는 금액으로 못파는게 가장큰 치명적 단점"
224,4,정기 매수 기능 넣어주세요~
225,5,로블록스 주식은 언제쯤 들어올까요? ㅠ
226,5,금액에 맞춰살수있어서 좋아요
227,5,간단하고 편리해서 좋아요 😁😀😃😄😆🙂😉😊☺
228,5,국내주식도 추가 해 주시면 너무 감사하겠습니다
229,1,이거 진짜 사용하기 어렵습니다. 실거래가액도 아닙니다. 한 2백 넘게 해봤는데 매수는 쉬게 해놓고 매도는 ##이 해놨어요. 그냥 일반 주식 추천드립니다.
230,1,한달안에 두개이상 개설이라며 가입도 안됩니다. 주식계좌든 일반계좌든 두개이상 만든 일도 없는데요. 문의전화에도 관련항목이 없어 아예 문의도 못하게 되있고요.
231,1,천원부터. 살수있는건 좋은데. 천원에 수수료가2원. 팔때는 더비싸구 내통장에 계죄이체. 하는데 또수수료 건당500 그리구 묘하게 기분 나쁜 문자 티끌모아. 봐야 티끌. 일뿐이라네요 그딴문자는 고객을 탈퇴시키는 방법인가요 왕초보여서. 멋모르고 한거지 저는비추입니다
232,1,회원가입 인증 문자 절대안옴
233,1,충전 계좌변경은 어디에서 하나요?
234,5,정말 편해서 좋고 쉽게 설명~^^
235,4,"장점. 간편하다. 바라는점 1. 소액 적립식이 많을텐데 배당 몇백원 나온걸 바로 못 쓰고 환전 하라니 황당합니다. 2. 종목 좀 많이 늘려주고 중국 주식도 추가해주세요. 3. 기간별 입출금 총액을 조회가능 하게 해주세요. 4. 매수 단가를 제공해주세요. 그래야 신뢰가 가죠. 앞으로 토스, 카카오증권에서도 소수점 투자 지원한다능데 얼렁얼렁 발전해야 투자자 안뺏기죠."
236,1,사용자의. 정보수집 주식은. 일도. 모르는. 떠중이. 중게. 사이트 ㅋㅋㅋㅋ. ㅋㅋㅋ . ㅋㅋㅋㅋㅋ. ㅋㅋㅋ. ㅋㅋㅋㅋ 아나 주식을. 십어먹고 있어요 그것이 실수고 실 주식은 미래지향적 아이탬. 너히가. 항상. 접 하는 의. 식. 주. 잘 선택해 투자. 하길. 기업형. 주식두고. 너히는 좋아요. 하세요 그덩치가. 몆경. 몆조의 손해가 올수있으니 나는. 천원만. 던진다. 낚시질이지.
237,5,그 이벤트지급이라고 확인버튼을 눌럿는데 코카콜라 6천원 테슬라2천원을 주셨는데 제가 8천원을 내야되는건가요 아니면 여기서 공짜로주시는건가요
238,4,곧 이사가는데 처음 입력했던 주소 어떻게 바꾸나요
239,1,사이트접속이안되는데 어떻게해야대나요?
240,1,올해 성인인데 왜 나이제한이 있음???
241,5,"리뷰에 단타쟁이들 많네요ㅋㅋ 매수매도시점이 즉시실현이 아닌데 이거로 뭘하려는건지ㅋㅋ... '단타'하실거면 매수매도시점이 즉각 정해지는 한투 및 다른 증권사 'MTS'이용하시고 미니스탁은 미니스탁시스템 이해하고 쓰세요. 저는 큼직큼직한 기업로고 아이콘이 너무 이뻐서 우표모으는 느낌으로 하다보니 보유종목이 벌써 100종목이 되었습니다ㅋㅋ 금액은 50만원 소액이구요, 너무 재밌고 좋아요"
242,5,적은 돈투자할수있는점에서 최고인것 같습니다
243,1,쓰고 싶은데 진행이 안되요 한투쓰고 있는데요. 가입하려고 하는데 휴대폰인증까지하고 신용투자형자동상환신청계좌 팝업뜨고 그 이후로 진행이 안되네요. 저는 못쓰는거에요? ㅋㅋㅋㅋㅋㅋ
244,2,이벤트주식 혜택 중에 2천원 혜택은 받았는데 8천원 혜택은 못받았는데 왜그런건가요
245,5,조아용 긴말이 필요업슴다
246,1,투자금이 10만원 이상이면 이 앱은 쓰지마셈 원할 때 못 팔고 그래프도 봉으로 보는게ㅠ아니라 애들 장난같음 걍
247,1,충전버튼이없네요
248,1,왜 내가산 주식들이 갑자기 안보이는거지..🤦🏻‍♀️🤦🏻‍♀️
249,2,미니스탁 고객센터 뭐 이리 오래 걸리죠.... 받기만 했는데 .. 주문까지 가서 결제가 자동이체가 왠말인가요...환불해주세요
250,1,ars승인후 다음으로 넘어가지가 안아요
251,4,배당도 따로 정리된 내용을 확인할 수 있는 카테고리를 만들어주시면 감사하겠습니다. 그 외에 불만은 없습... 아 딱 하나... ETF도 거래할 수 있으면 좋겠습니다.
252,5,다른 주식앱 써보구 이게 얼마나 잘 만든거나지 느꼈음 그래서 5개 찍구 갑니다
253,1,시작할려고해도 회원가입하는 동의버튼 누르면 무한로딩으로 안됌
254,4,소액투자용으로는 좋은것 같아요
255,3,미니스탁에 개선사항 문의남기는 곳이 따로 없어서 여기에 적어요! UI도 편하고 기능도 좋은데 아쉬운 점이 두 가지 있습니다. 이제 앱 시작이니 이런 부분 보완 부탁드려요! 1. 가격을 기준으로 소수점 거래하는 방식만 있는데 기존 주식처럼 제가 사고싶은 주를 기준으로 거래하는 방식도 추가되었으면 좋겠어요 2. 관심종목 20개 이상 넘어가면 메인에서 표시가 안되던데 관심종목을 다 볼 수 있는 란이 있으면 좋겠어요 제가 증권사 방랑자라 미니스탁에 정착하고 싶은 마음에 주저리 주저리 적어보았습니다..!
256,5,투자를 하려는 분들께는 더 없이 편리하고 맛보기 입문용으로 좋다 생각합니다. 본인이 투자가인줄 착각하는 투기 단타충들에겐 당연히 불만이 생길 수 밖에 없는 시스템
257,1,이거 하지마세요 저처럼 뭣도 모르고 하셨다가는.... 전 조금만 한다는생각으로 10000원 하고 2000원 이벤트 주식 했다가 손해보고 다시 출금 했는데 갑자기 미수금이라면서 11800원 내라고 날라오네요 ㅋㅋㅋ 충격후 짜증이 확 올라오네요 지금 돈도 없는 학생인데 시간안에 안내면 연10% 연채료 까지 ㅋㅋㅋㅋ완전 개 손해 주식도 바로 살수 있는 것도 아니고 10시 접수후 아침 7시 30분 구매 입니다. 광고 보고 하지마세요 이 글은 운영자가 싫어 할것 같아서 바로 삭제 되겠죠?
258,1,별을 마이너스 1100만개 주고 싶은 앱 코딱지 만한 없어도 되는 돈으로 해야 속편함 큰액수 넣으면 망한다고 왜 주의사항 안써요? 행여 액수 늘리다가 정신병 올지 모릅니다. 개발자도 절대 안쓸 앱 표현하자면 자본주의 돈으로 공산주의 식으로 눈가리고 맏기게 됨 믿기지 않으면 해보세요 하한가 맞고 존버하다 양전해서 매도 걸었는데 최저가 매도 결국 강제 손절..인생공부 잘 하고 갑니다 편리하게 거래 하려다 편리하게 말아먹습니다.
259,1,"입문용으로 좋고 그 외에 다 별로다. 장점: 소액결제 가능, 인터페이스가 깔끔 단점: 매수가 매도가가 지멋대로임 (거래 타이밍의 종가가 아닌 주문접수와 주문처리 사이의 어떠한 가격으로 체결됨->실시간이였다면 +12%할 것을 +5% 밖에 못함 게다가 매도 주문접수하고 그 날에 주식이 -%를 기록했다면 실 수익은 매우 절망적) 실시간 거래가 아님 (주문접수가 10시30분에 이루어지고 주문처리가 6시에 이루어짐->단타 불가, 완전히 거래가 되는데 최소 하루가 걸림. 만약 주식을 11시 정도에 샀다면 주문접수가 다음날 10시 30분에 이루...
전체 리뷰"
260,1,주린이들 입문용 어플. 좀만 해보면 얼마나 많은 수수료를 때 가는지 알게 될겁니다. 별 하나도 아깝다.
261,1,"해외주식을 처음 접하는 사람이 매우 간단하게 주식에 접할 수 있도록 환전처리도 간편하고 이런저런 장점이 매우 많지만. 엄청난 단점들 때문에 큰돈 맡기기는 한계가보임. 아래는 단점들 1. 주가 갱신시기가 너무 느리다. 주식시장이 초단위, 분단위, 시간단위, 일단위로 시시각각인데, 이 어플은 구매자를 기만하는건지, 제각각이다. 2. 1번의 연장선상인데, 내돈들여서 내가사는데 대리구매 방식이다 보니 매수, 매도시기를 업체측에서 임의로 선택하여 손해가 발생 3. 환전수수료는 수수료대로 물고 구매, 판매시에는 또 수수료가 발생함. 업체에서 ...
전체 리뷰"
262,1,저는 외국인입니다.그런데 제 이름이 영어로 되어있어요.가입할려고 하는데 한글 이름을 쓰라고 하고 쓰면 본인인증이 안돼요ㅠㅠ 한글 영어해주세요
263,1,적절한 시점에 구매?그래서 애플을 어제 최고점에 매수하셨나?ai 고치세요.4% 얻을거를 -2% 떨어졌습니다.
264,1,한달 뒤에 다시 하라는데요? 계좌 두개이상 안만들었는데...
265,1,자꾸 에러창뜨고 안됨. 짜증나
266,5,"재미있는 서비스입니다. 두가지 건의사항이 있습니다. 장바구니 같은 일회성이 아닌, 나만의 포트폴리오를 작성하고 그것을 저장하여 꺼내 쓸 수 있는 기능(가능하다면 여러개)이 있었으면 좋겠습니다. 나머지 하나는 (가능하다면) 지수를 대표하는 ETF도(SPY, QQQ등) 구매할 수있으면 좋겠습니다."
267,3,그냥 etf 나 매매하면 되지 뭘 이런걸 함.. 1천원으로 10%오르면 100원이고. 100%올라야 1천원임. 투자는 종잣돈이 모아서 해야. 그 가치가 있는거지. 여기서 수수료 때주고 얼마나 건지겠나..
268,5,"쇼핑하듯이 쉽게 구입할 수 있어서 좋았습니다. 그런데 처음 구입할때는 편한데 나중에 추가매수 할때는 한개씩 수기로 해야 하는게 좀 불편합니다. 펀드처럼 소액으로 여러개 종목을 분산해서 꾸준히 사려고 하는데. 종목이 늘어나니 좀 번거롭더라고요. 테마수매 처럼 한번에 여러주식을 살 수 있게 그룹으로 묶어 주거나, 한번에 여러개를 동일한 금액으로 살수 있도록 가능하면 좋겠습니다."
269,5,미니스탁으로 시작해서 해외주식용 계좌 개설한다음 제대로 사모아서 지금 이십프로 수익내는중입니다 주식입문하기 좋아여
270,4,소액 해외주식 입문용으로는 아주 좋은 앱이다. 하지만 입문자에게 너무 초점이 맞춰진 만큼 입문티를 어느정도 벗어나게되면 이 앱의 치명적인 단점을 체감하게된다. 1. 달러 주식을 원화로 사고 원화로 파는 것처럼 설계되다보니 주식을 사고팔때마다 자동 환전되어 환전 수수료 부가되는점 때문에 장기투자가 강요되며 환율을 이용한 전략에 제약이 생김 2. 실시간 매매가 불가능 한 점도 치명적인 단점. (다 아는 내용일테니 자세한 내용 생략) 투자 금액이 5000달러 정도만 되도 이 앱을 사용할 이유가 사라진다.
271,3,"초보가 시작하기에 아주 좋은 앱으로 강추. 단, 주식은 타이밍인데 원하는 시점에 사고 팔 수가 없음. 실제로 지금이다 싶을때 사거나 팔면 미국시차로 하루가 다갔고 그 다음날도 우리나라 아침 6시 반에 매도매수로 장 마지막 시점이라 +2일 타이밍을 고려 해야함... 또한 6시 반에 거래는 했으나 그날의 몇시 기준 거래가 되었는지를 잘 모르겠네요. 왜 하루 종일 중 가장 낮을때의 가격으로 거래 된걸까..."
272,3,UI는 정말 깔끔하고 편리하나 그걸 모두 덮어버리는 알 수 없는 매수매도시점ㅋ 게다가 미니스탁연동계좌는 한투앱에서 매수매도가 불가하다. 또한 해지하려면 다 털고 전화해서 요청해야하는 번거로움도 있다. 10만원 이내로 기미상궁/눈팅족 할거 아니면 시작도 하지 마세요^◇^
273,4,"어플직관성 짱이네요. 소수점거래 찾아보다가 깔아봤어요. 국내는 한투쓰고 해외주식은 키움쓰는데, 소수점거래는좋으나 아쉬운점이있다면 환전우대랑 qqq 같은 etf는 못사네요 ㅜㅠ 현재 적립식으로 구입중인 qqq spy 가격이점점비싸져서 소수점구매를알아본것인데... 지수추종도 생겼으면합니다."
274,3,주문취소 어떻게 해야하나요? ㅠㅠ 이벤트용 애플 8000원 그거 제 돈나가는건가요?
275,5,너무 좋은데 이런 기능이 추가되면 더 좋겠습니다 기 매수 한 주식들을 한번에 원하는 금액만큼 (예를들어 1만원씩 )일괄적으로 또는 선택하여 추가매수하는 기능이 있으면 매우 좋겠습니다 하나씩 하나씩 하려니 힘이듭니다요~~~ 감사합니다
276,1,계좌 개설하다 하루가 다간듯여. 자택전화는 우선연락전화로 등록되어 삭제할수 없습니다. 계속떠요. 뭔소린지~.자택전화 써넣지도 안했는데. 어떻게 된건가요~???답답 죽일지경~.
277,2,이체가 왜안되요??수수료는 원래잇는거에요??
278,2,"신분증만 50번찍은것같아요,,,그래도 인증이 안되네요 어두운곳에서도 해봤고, 제 민증 오래되지도 않았고, 매우 선명하게 찍어도 봤는데도,, 사진 촬영 후 개인정보도 바르게 입력되어있는거 확인했는데도 인증이 안됩니다"
279,2,배당금은 어째 받는거지? 테슬라랑 이것저것샀는데 나보다 적게 산 친구는 배당금을 받는데 일절 못받는게 뭐지
280,5,"이게 국내 증권사에서 만들었다고? 와, 앱 켜고 매수까지 10초도 안 걸릴 만큼 깔끔하고 담백하게 만들었다. UI, UX 어디하나 깔 구석이 없네. 그런데 적립식 매수 기능도 있었으면 좋겠다. 아마 이 앱 쓰는 이유가 소액씩 묻어두려는 것일텐데, 돈만 넣어두면 자동으로 주기적으로 매수해주면 참 좋을 듯."
281,1,정말 앱은 잘만들었는데 매수매도 단가가 정말이상합니다 매수예로 들면 매수후 평균값으로 나눈다는데 그냥 젤고가정도로구매되어 반영되었고 하락장 반영시 이상하게 더많이반영됩니다 한마디로 투명성이없고 매수매도단가가 정말최악으로 설정됩니다 큰돈으로하지마시고 직투하세요
282,1,탈퇴 어떻게하나요
283,2,주식을 전부 매도해서 채결이 났는데 이체가능금액에 뜨지 않아 며칠째 이체를 못하고 있습니다. 왜 그런건가요?
284,2,매수 매도 하는 인간이 멍청함 매수요청하면 시작가보다 비싸게 사고 매도 요청하면 시작가보다 싸게 팔고 자금 순환도 너무 오래 걸림
285,3,앱은 정말 잘만들었는데 카뱅 통해서 들어가서 계좌도 개설하고 주식도 다 샀는데 미니스탁을 통해 들어가려하면 본인인증을 하라 하네요? 해외에살아서 핸드폰 인증 못하는데 핸드폰 인증외엔 안되게 해놓은것도 이해가 안가고 애초에 계좌 개설에 구매까지 되게 하기전에 인증을 먼저 받거나 하지않나요? 이미 다 했는데 카뱅의 광고페이지를 통하지 않으면 제 계정에 들어갈수도 없어서 카뱅에서 광고 내리면 제 주식 확인도 못 할것 같네요 다른 인증방법 없나 하고 서비스 센터 검색하니 안나와서 여기에 글 남깁니다
286,1,한 21 정도 지난 다음에 로그인을 했더니 간편 비밀번호가 틀리다고 하네요 들어갈 수 없습니다 다른 앱처럼 비밀번호 변경이나 신분 확인하는 것도 없고 무조건 간편 비밀번호만 들어가게 하네요 들어간 돈은 얼마 안 되지만 떼인 것 같은 느낌이 드네요
287,1,도대체 무슨기준으로 주문체결되는거죠? 전날종가도 오늘종가도 심지어 실시간주가로도 확인안되는 금액으로 체결되어서 너무황당합니다 전날 종가 392 시점종가 430인데 470으로 주문체결되는 이유가 뭡니까
288,3,당사가 정한 알고리즘에 의해 체결 된다고 명시되어있는데 그 알고리즘을 알고싶고 얼마에 체결되었는지도 명시 바랍니다. 종가만 명시 되었더라구요. 아니... 알고리즘이 종가보다 비싸게 사는겁니까??
289,3,괜찮은데 나중에 탈퇴는 가능한가요?
290,5,정말 좋은 어플입니다
291,5,"계좌에 소액이 마이너스가 뜨는데, 그 때문에 주문가능금액과 출금가능금액이 차이가 나요 저번에도 같은 문제로 문의 드렸는데요 왜 마이너스가 뜨는지 알수있을까요?? 나가야될 금액이 잡혀있는 건가요??"
292,2,소액투자하는용은 좋은데 실시간으로 해주세요 어플에서는 떨어졌다고 해서 샀는데 엄청 비싼 가격으로 사졌던데요; 실시간 변동 볼 수 있게 해주시고 실시간으로 사게 해주세요 뭔 이건 도박도 아니고 당일 종가 가격을 어떻게 예상하고 사고 팝니까
293,1,이벤트 관련 문의하고 싶은데 전화연결 하루종일 해도 안되네요... 대기자 40명 실화? 이벤트 금액 안들어온거 선택) 부분 안했다고 하는데 다시 들어와서 했는데 문의 어디다하죠? 전화말고 다른 방법 알려주세요 전화 연결 기다리다 어떻게 될거같네요
294,2,열받네요.. 신분증 인식 제대로 되었는데도 계속 '신분증 진위확인 시 문제가 발생했습니다. 잠시후 다시 시도하세요 [5]'라는 팝업창만 계속 뜹니다. 가입이 불가능해요.
295,3,"보유주식을 한 번에 장바구니에 담거나, 관심주식을 한 번에 장바구니에 담는 기능 추가요청드립니다. 한 번에 동일한 금액으로 일괄매수하고 싶은데, 일일히 장바구니에 담기 힘드네요."
296,1,본인인증 2단계에서 금융계좌 인증번호에서 막힙니다. 제 계좌비밀번호 4자리 입력 하는건가요? 비밀번호 5회 오류되어 진행을 못 하고 있어요 도움을 주세요 전화를 13분이나 기다렸어요...내 핸드폰 통화료와 돈 1원을 10원은 섰는것 같아요.주식 준다고 미끼 끼워서 일부러 장사 하는겁니까? 앱은 오류되어서 되지도 않고 기분 더러운 하루 입니다.
297,5,소액 투자에 좋네요 짜투리 여유자금으로 배당도 받고ᆢ
298,1,2천원 이벤트 참여하려고 깔았는데 처음에 마케팅 수신 동의 안 하고 넘어갔다고 지급이 안 되고 다시 신청할 수 있는 방법도 없네요 아이디어 자체는 좋은데 이벤트 방식 때문에 짜증나서 안 쓸 거 같아요 좀 더 잘 보이게 명시해놓든지... 이벤트 없었으면 오히려 신기해서 해봤을 거 같은데 낚인 기분이라 안 쓰고 싶음
299,1,팔때는 저점에서 살때는 고점에서 주식을 매달 살때마다 손해가 되는 신기한 어플
300,1,매도안했는데 12월18일 출금예정이 뭔소린가요?
301,1,쓰레기어플 이런걸로 주식하지마라 절대 출금하는데 경악을 금치못함 일일출금제한이 10마넌?? 뽑을때마다 500원드는데 체결가도 지맘대로 이런걸로 주식하지마세요여러분
302,1,만3세도 깔수있길래 미성년자도 할수 있을줄 알았는데 아니네여 차라리 앱을 만19세로 바꿔주시지...
303,1,국내 주식형 미니스탁 만들어 주십시오. 1천원 주식을 사고 싶습니다. 배당금을 많이 받고 싶습니다. 그리고 미국 일본 홍콩 중국 유럽 글로벌 기업들 가운데 실제로 상장된 기업 확대 해주시기 바랍니다.
304,5,처음시작했는데~초보자한테좋은것 같네요
305,1,계속 튕겨요 본인인증만 몇번을 하는데 ars 전화인증까지만 가고 항상 첫화면으로 돌아가요 개선좀;;;;시작도 못하고있어
306,1,주식과달라요.. 바로바로거래하지못하고 주식가격도 예전가격이고 그냥 돈 던져놓구 높든 낮든 초기가로 사지고 팔아지고 구러는거같아요.. 원하는 가격애 걸어놓을수없어요.. 오늘 매도 고래 걸어놨으니 내일아침에 어플삭제하든해야갰네요.. 겁나좋은장에서 본전중임. 그나마...
307,2,매수를 한주 걸어도 언제 매수를 하는지를 도통 모르겠습니다. 앱 설명에 좀 추가설명좀 적어주시죠. 기준을 시가에 하던가 종가에 하던가 해야 팔더래도 기준을 잡고 매매를 하지 이건 뭐 대중없으니 원
308,3,배당금도 이 앱 통해 바로 확인할 수 있게 해주셨음 더 좋았을걸... 깔끔하고 편리하고 주식에 쉽게 접근할 수 있게 만드신 건 좋은데 이게 불편하네요.
309,5,"스마트폰 10년넘게 쓰면서 처음으로 어플 평가란걸 해봅니다. 입문하고 , 사고 팔고 인터페이스부터 편의성까지 너무좋아서 입이 딱 벌어지네요.. 대박입니다. 이어플 하나때문에 증권사도 넘어왓고 앞으로 이것만 쓸거에요. 만드신분 정말 대단해요!!"
310,3,게임스탑 추가해주세요. 검색해보니 없네요.
311,4,미국 개별 주식을 분할해서 푼돈으로 모아가는 게 매력적인 앱입니다. 다만 새롭게 성장하는 기업의 리밸런싱이 좀 늦다는 게 가장 큰 애로사항이네요.
312,5,"신한 소수점 보다 좋은 앱인거 같습니다. 그러나 다양한 종목이 있었으면 좋겠으며, 배당금에 관한 카테고리도 있으면 좋겠습니다."
313,1,ASML 추가 안해주면 한달뒤에 탈퇴할거임 쉬바쉬바
314,1,가입하려는데 도대체가 가입이 안되요. 회사 우편번호 입력하라해서 했는데 왜자꾸 계좌개설오류가 뜨면서 자택우편번호 입력항목 확인하라는데 이건 뭔지;;;;; 휴
315,3,초보자가 처음 시작할때쓰기좋음 2주사용후부터 앱실행하자마자 종료됨 앱삭제후 재설치해도 똑같음 지금은 아예 쓰지도 못하고있음
316,4,편하고 좋아요.
317,1,앱자체는 편리하고 소소한 돈으로 구매할 수 있어 좋으나 주식 매도시 장개장직후의 가격이 아닌 종가로 팔리는게 이해가 안갑니다.
318,3,미니스탁에서 주식구매한거를 한국투자증권 보유주식에도 표시해 주시면 좋을거 같은데 불가능한가요ㅠㅠ(만약 1.2주 가지고 있으면 1주라도 표시를 ㅠㅠ)
319,3,더많은 회사의 주를 구입하고싶네요. 향후 추가 가능한가요?
320,5,잘사용하고 있어요! 실시간 매매 기능도 곧 되겠죠?
321,1,아니 쉬바 왜 ASML이 없는거야 개빡치네
322,1,아니 체결시간을 고지해라 진심 하루종일 주가 떨어졌는데 체결액이 전일 종가보다 높다는게 말이되냐 편해서 좋은데 점점 신뢰가 가지 않는다!!!!
323,3,구매할려고하는데 계속 본인인증하라고하네요
324,3,소액 해외 주식이라는 플랫폼은 잘만들었으나 통합증거금이 불가능하다는 단점이있습니다. 그리고 해지하려면 전화로 해야하는데 전화 연결이 쉽지 않아 해지하기가 힘듭니다.
325,2,회원탈퇴 어떻게 하나요? 진행하고 싶은데 도와주세요.
326,1,한투 이벤트라고해서 가입하려고설치하고 들어갔는데 입력다하고 시스템점검중이라고 팝업창 계속뜨고 계속 오류납니다. 이벤트를 할꺼면 앱 테스트하고 좀 올려주세요
327,1,계좌개설 오류 떠요. 자택전화는 우선 연락처로 등록되어 삭제할수 없습니다.. 라고 계속 나오네요
328,5,아주좋아요 여러가지로 편리하고 이용도쉬워요
329,1,가입이 되어 있는지 알고 싶어요 2번이 되어 있는지? 빠른 답변 부탁 합니다
330,4,기존 한투계좌로도 할수 잇엇으면 좋앗을텐데 아쉽네요. UI는 이뻐요. 입문용으로 괜찮은듯
331,4,몇가지 불편한점 있지만 소액으로 해외주식을 살수있다는 것이 불편한점을 커버해줍니다! 좀더 살수있는주식이 많아졌으면합니다
332,1,신분증 멀쩡히 아무리 찍어대도 잘못찍었다고 인증이 안됩니다. 화면에는 이름숫자 인식 다 되는데 정작 다음 순서로 안넘어가네요
333,4,소액 투자가 생겨서 좋은데 기존 계좌로 연동하여 첫 매수 했는데 2천원 종목 상품은 왜 안들어 오는거가요??? 전화 상담도 연결 잘안되고 알려주시기 바랍니다
334,1,다들 화이자 주식맛 보고있는데 왜 같은시기 미니스탁에서 투자한 나만 수익이 마이너스일까? 실시간투자가 아니다 보니 이런 짜증나는 일이 발생하는것인가
335,5,주식초보자들에게는 최고의 경험을 제공해요 제 친구들에게도 추천했습니다 건강하고 안전한 투자방식이 되어줄것 같습니다 이걸로 자금을 조금씩이라도 운용하여 돈을 모은다음 다음단계로 나아가기에 좋은 어플입니다
336,5,간단하고 저렴하게 해당 기업의 주식을 살수 있다는게 좋아요 화면구성도 쉽고 좋아요
337,1,첫화면에서 로그인 시도 시 시스템장애가 발생했습니다 팝업이 어제부터 계속 발생하고 있는데요...
338,1,tsmc 대체 언제 매수 가능한겁니까? tsm 티커 검색하면 헌츠만 추가요청 이딴거밖에 안뜨는데 하
339,1,아니 의결권도 안주면서 2만원 투자해서 3프로 벌어도 환전하고 나면 실질적으로 출금 수수료 500원 만큼도 안나옴.. 푼돈 투자시켜놓고 500원씩 떼어가는 건 도대체 무슨 심보.. 반쪽짜리 주식 앱쓰고 많이 배워 갑니다.
340,1,2000원 주식 받을 수 있는 이벤트가 있대서 가입했고 가입할때 마케팅 동의해야 주식 받을 수 있대서 동의하고 가입했는데 안들어옴.. 다른 사람들 후기보면 바로 받을 수 있던데 안됨.. 그래서 그냥 탈퇴하려했지만 그것도 안됨..
341,5,정말 고민 많이 하신듯 합니다. 편하게 거래 할 수가 있어서 재밌습니다. 다만 종목을 좀 더 늘려주셨으면 좋겠습니다 ~
342,4,업데이트하고나서부터 앱이 계속 중지되는 현상이 발생하네요 ㅜ 갤럭시s20울트라입니다
343,1,신분증 인식이 몇십번을 찍어도 어떻게 찍어도 안됨 신분증 오래되지도 않았고 빛 반사 없이 선명하게 찍어도 안됨
344,3,계좌사진등록이안되서 다른기존계좌등록하고싶은데 앱을 제거했다 다시깔아도 사진찍는곳메세지만 뜹니다 진행할수가없네요
345,3,오전6시에 장 마감후 6시 반쯤 정산된 금액과 약 2시간쯤 뒤에 오전 9시쯤 다시 들어가보면 매번 금액이 상당히 줄어서 차이가 나는데 이유가 뭔가요? 환율때문인가요? 달러 올라가면 금액도 다시 올라가나요?
346,5,사용이 편리
347,1,가입이안됩니다 전번도 맞고 주민번호도 맞는데 잘못입력되었다고 자꾸뜨네요
348,5,사용하면서 느낀 점이에요. 다 좋은데 주식을 처음에 얼마에 매수했는지 가격이 써져있었으면 좋겠어요
349,5,엄청 보기 쉽고 간편하고 심플한 화면 다른 주식 어플도 이렇게 나오면 좋겠네요
350,5,"와 진짜 우리나라 증권앱과는 확실히 틀리네, 실시간이 안되서 좀 아쉬운데 앞으로가 기대됨."
351,5,이름만 듣던 미국주식을 이렇게 쉽게 살수있다니..정말 편합니다. 천원단위라 부담없이 이용할수 있어 추천하기도 좋아요. 사용해보니 배당주 해당되는 섹터나 검색이 용이했으면 좋겠다란 의견남깁니다.
352,1,신분증 인식 10번 넘게 했는데 계속 다시 찍으라는 말이 나오네요. 귀찮습니다
353,1,신분증 인식이 잘 안되네요 몇번을 하는건지ㅡㅡ.. 하는 중에 또 시스템 점검도 뜸
354,5,요즘 트랜드에 맞는 주식앱이네요. 접근성도 좋고 매매도 쉬워요~!!!
355,1,실시간 거래 안 되서 즉각 대응이 힘듬. 소액이라도 본장 가시는게 낫습니다.
356,5,소액으로 쪼끔씩 투자하다보니 잼땈ㅋㅋㅋ.. 귀엽기도하고 편해서 접근성은 ㅇㅈ
357,2,렉이 심해도 너무 심합니다... 실수로 들어가서 그냥 로그인 안하고 끄려고하면 핸드폰 먹통 됨 ㅎ
358,3,적 은돈으로도 투자할수 있어서 좋지만 실시간 주가나 다음날 정산시스템이 아쉬웠다
359,1,주식 매도후 분명 입금 받은 거래내역확인했는데 출금가능금액은 그대로네요.
360,5,UX도 편하고 좋네요! 해외주식을 돈에 맞춰 살 수 있다니 최고에요!
361,3,한투고객센터 전화걸어도 계속 통화중이어서 여기남깁니다 계좌번호 입력하면 신용계좌라고 뜨면서 가입진행이안돼요
362,2,Pros: UI가 마음데 드네요 / Cons: 종가기준 매수라 아쉬움
363,1,쇼피파이 사게해주세요 큰금액주식 쪼개사는게의미인데 없고 고객센터 글남기는 곳도없고 미니스탁내 고객센터는 왜없는지
364,1,쓰레기 어플 이거때문에 손해란 손해 다봄 사고 파는거 일주일걸림 그동안 이익 보면 날아가고 살 타이밍이라 사면 이미 올라가서 내려가는중 하.. 이거 때문에 돈은 얼마나 날려야 주문접수함?
365,5,주린이가 쉽게 투자할 수 있도록 간편하게 잘 만든 것 같아서 좋았어요ㅎㅎ
366,2,01년생인데 만19세 이상부터 사용이 가능하다고 뜹니다... 이용하고 싶은데 시작부터 불가하네요
367,5,아직 만들어진지 별로안된 앱이라 그런지 불편한점도 있긴하지만 주식소액투자앱 중에선 ㄹㅇ최고다. 그리고 한국증권에서 직접만들었다는게 믿음이가서 좋음
368,5,투자가 간편하고 접근성이 좋아 편리합니다
369,3,계좌 개설했는데 주식이 안들어오네요 찾아보니까 무슨 동의 안하고 넘어간 거 같은데 어떻게 해야하나요?
370,1,외국사람은 사용할수가 없네요
371,3,회원탈퇴 옵션이 어딜 찾아봐도 없고 문의하려고 전화 햇더니 대기자만 60명 신중한 선택 바랍니다
372,3,1분에 한반씩 자꾸 앱이 나가지는대 어뜩해된건가요 제 폰만그러나요?
373,5,너무 편리합니다 해외주식 모음도 선택하는데 도움이되네요^
374,1,아니 팔았는데 돈 출금 안 되는 경우는 뮈죠?
375,4,오늘부터 네트워크 오류가 계속 뜨는데 해결 가능한가요?
376,1,청소년도 주식이 가능한걸로 아는데 이건 왜...
377,1,인증번호가 안와서 가입을 못하고 있어요
378,1,새로발급한 신분증은 인식이안돼네요 면허증은 없고 신분증 뿐인데 이부분 개선좀해주세요~
379,5,정말 좋은 앱을 만드셨군요 앱개발자 칭찬합니다
380,4,좀 비효율적이지만 편하네요 배당금을 주는 날짜가 나와잇으면 아주 좋을것같네요
381,4,해외주식 주린이로서 경험하기 좋네요
382,5,다크모드 테마적용 업데이트 부탁드립니다. ui는 깔끔하고 좋습니다
383,1,신분증 인식자채가 안되구만 수정해도안되고 ㅋㅋ
384,1,매도시에 달러로 보유할수 있게 해주면 좋겠습니다.
385,3,쉽게 되어잇고 거래하기 좋아요.
386,1,해지 너무 불편함
387,3,배당금 관리 못 하시겠으면 깔끔하게 개인들이 rp나 tr 둘 중 하나 선택할 수 있게 해주든가. 아님 쩜 오 주식사는 개미들 배당금이 얼마나 된다고 그걸 모아 이자 먹으려고 하는 겁니까? 양심 ㅇㄷ?
388,4,출금가능금액 큰금액으로 할려면 어떻게해야하나요?
389,4,탈퇴기능.없나요?
390,1,실시간 매매를 할수없음
391,5,말이필요없음 최고
392,5,업데이트 이후 잘됩니다. 좋은 앱 감사합니다!
393,1,신분증 인식 무한반복 ㅠㅠ 어플 설치 포기
394,3,투자 내역 요약이 잘된듯함
395,1,제휴기관오류로 1원인증이 안돼요.
396,1,"실시간으로 주식을 팔수 없고, 하루중 최저가로 구매 장기투자 아니면 절대 하지말아야 합니다."
397,5,디자인 및 기능이 매우 새롭네요!
398,4,국내주식처럼 토론방좀 만들어 주세요
399,1,종목이 많으면 뭐하냐 일처리 늦음 차라리 다른앱 갈아타지
400,4,소액재미로 추천
401,5,이거 주식 1도 모르는사람이해도 좋은어플입니다 추천해요!
402,3,이체가능 금액을 어떻게 바꾸나요?
403,2,상장 시장투자권을 늘렸으면 좋겠다
404,1,이벤트를 제대로 진행할 함량 자체가 부족하다 쯧쯧
405,5,사용성도 좋고 편리하네요 추천합니다!
406,3,신분증 인증이 안돼요
407,1,기존 한투 계좌가 있는 미성년자도 이용할 수 있었으면 좋겠습니다.
408,1,이벤트 동의 해제를 잘못해서 다시하려고하니 헷갈리게 해서 그냥 넘어가버렸네요..
409,4,아스트라제네카 추가 요청합니다
410,1,번호입략했는데 진행이 안됨 신청이 안됨 계좌체크까지 다 했는데
411,4,당일 주식을 주입하여 그 다음날 주식가격에 따라 따라 배분받는것으로 압니다 그런데 제가 테슬라 주식을 전날 장시작전에 사서 다음날 장 마감 후 체곌된 내용을 보니 실제 주식가격 등락폭과 차이가 나네요 예를 들어 실제 테슬라주식이 -1%였는데 미니스탁에는 -3%로 되어있어 실제 주식가격가 차이가 마니나네요 그 이유가 궁금하네요 앱 신뢰와 관계되는 사항이오니 답변 꼭 부탁드립니다
412,3,아직도 쿠팡이 없다면 어쩐답니까?
413,5,한국투자증권 HTS에 있는 적립식자동주문 기능만 들어오면 최고일 것 같아요. 그리고 미국 ETF도 다양하게 추가해주세요.
414,5,소액투자하기 좋아요 쇼핑하듯이 주식사는 기분이라 좋네요
415,2,왜 어제부터 안들어가져요?? 지문로그인하는데 튕기고 꺼지네요
416,2,회원탈퇴는 어떻게.합니까??
417,5,주식을 0.001주 그러니까 1000씩 매수할수 있는거 까지는 좋은데.. 이렇게 주식을 쪼개서 사면 배당금 지급은 어떻게 되는지 궁금하네요
418,3,위젯 좀 만들어주세요
419,3,주식 이름 정렬할때 수익률과 평가금액만이 아니라 이름명 순(티커)으로 정렬하게 해주세요
420,5,왜 검색해도 보이지 않는 주식들이 많죠? ㅜㅠ
421,1,"비번5회 오류라서 한국투자증원에서 변경하라는데, 아이디를 모르겠어요."
422,5,너무 유용한 앱 입니다.
423,5,이번 업데이트 너무 좋네요 앞으로도 자주 업데이트 해주세용
424,5,참 쉽고 유용하네요 :)
425,3,어플 가입하면 8처넌상당 주식준다고했는데 왜 저는 안들어오는지 모르겠음 ㅜㅜㅜ 내가 실수한건가 모름 ㅜㅜㅜ 왜안드러와 ㅜ
426,1,왜 2000원 주식 주신다면서 안 주시는거죠;;
427,5,주린이인데 쉽고 이쁘요
428,5,너무 좋은데요 투자금(원금) 얼마 평가금 얼마 이렇게 보이게 해주세요
429,1,미성년자도 가능하게 해주세요
430,2,어플 내에서 달러 평단가 볼 수는 없나요? 없다면 어떻게 해야 하나요?
431,1,편리함을 무기로 불투명한 운영.
432,4,안녕하세요 카뱅에서 가입후 어플다운해서 시작하려고 하는데 추가본인인증에서 예전번호로 떠서 인증할수가 없어요 어떻게 해야하나요?
433,3,전에샀던 목록 그대로 살수있게해주세요
434,5,정말로 편합니다 진심으로ㅋㅋㅋ
435,5,보유한 주식 배당 정보도 나왔으면 좋겠습니다
436,1,우째 설치는 안되고 설치됨이라고뜨까잉
437,5,지금 일주일차에요!!! 매일 오천원씩 계에에속 달려봅시다~~~
438,5,너무 좋네요
439,1,로그인 오류로 안됨
440,1,진짜 김짠부좀 그만뜨게해라 보기도 싫은데 개빡치게하네 ㅋㅋ 못생긴게
441,1,탈퇴하기 준네 힘들게 만들었네
442,3,신분증 인식이 제대로 되질 않네요
443,5,전만족합니다
444,4,업데이트를 너무 빈번하게 하라고 하네요
445,1,아니 뭐가 자꾸 일치가 안한데ㅋㅋㅋㅋㅋ
446,1,드로이드 3.0버그점 고처줘ㅕ
447,1,만 19세 이상만 가능하다고 서비스둘러보기만 나와요. 만19세인데..
448,1,가입시 포인트 만원준다고 해서 가입했는데;; 포인트가 안들어오네요?
449,2,왜 가입하는데 주민등록번호를 모두 기입하는걸까 요즘 그런데가없던데
450,2,"기존 한국투자증권 회원입니다. ars인증을 해야하는데, 전화번호가 바뀌었는데 이전번호로만 가능하네요."
451,5,잘사용중요
452,3,"이벤트로 지급된다던 아마존 주식 8천원어치, 테슬라 주식 2천원어치 지급 안되네요..."
453,5,"유튜브 ""힐링여행자"" 영상을 보다가 편의점에서 마트에서 의미없이 소비해버릴 돈 모아서 앞으로 가치가 상승할 미국 우량주를 사보면 어떠냐는 영상을 보고 깔고 사용중입니다. 결론적으로 너무 잘 사용 중입니다. 매월 10회 무료 이후에는 수수료가 들더라도 저는 어디에 소비한지 모를 돈을 모아서 가치가 상승하는 미국 우량주의 소유권을 아주 조금이라도 매입한다는 생각에 재미가 있습니다. 미국 주식이 아무래도 가격대가 매우 높은 물건들이 있어 매수하기 부담스러운 점이 있는데 소수점으로 투자하니까 정말 좋습니다. 한국주식또 소수점 매매 가능하게...
전체 리뷰"
454,5,소소한 재미가 있네요
455,1,앱을 통한 서비스 해지가 안된다는게 정말 불편하네요
456,1,신분증등록을 30번을했는게 인식안된다고 다시하라는데....개똥줄탑니다
457,1,신분증 인증안됨. 1028번 시도해도 안됨
458,2,주민번호 불일치라고 계속 뜨네요. 어쩌라는거죠
459,4,소액구매가능해서 좋아요
460,1,빵점! 로빈후드와 비교된다.
461,5,계정 공유 할수있나요?
462,5,간단하게 짤짤이하기 좋네요 ㅎㅎ 이거 깔고 넷플릭스 주주됨 ㅋㅋ
463,1,매수도 다음날 매도하면 돈 입금 거의 일주일 걸림 이게 주식이냐
464,5,내가 마음 먹은대로 살수있어 너무 괜찮아요
465,1,언제까지 신분증 진위여부 시스팀 점검중인가요? 이틀째 안되네요
466,5,천원의 행복
467,5,한국투자증권 앱과 다르게 깔끔하고 가볍고 좋네요! 확실히 공들인게 보입니다.
468,5,배당금 날짜가 22일인데 언제쯤들어오나요?
469,5,환전자동에 소액매매 좋아요
470,5,코인 주식은 언제 나올까요?
471,4,앱 튕김현상 너무 심해요..
472,3,휴대폰 본인인증후 서비스 기존 한국투자증권 계좌가 노출이 되고 신청하기 버튼을 누르면 투자자문계좌 신청계좌라고 나오면서 진행이 안됩니다 ㅠㅠ
473,4,코인베이스 언제 들어오나요??
474,5,힐링여행자유튜브보고왔습니다!
475,1,소액결제로 투자를 즐길 수 있음
476,1,추가본인인증 ARS 예전번호만 계속 뜨는데 어떻게 인증하라는거죠?
477,4,미니스탁만 소수점 매매가능한가요?
478,4,이미 결제하고 매수한건데 출금예정은 뭔가요??
479,1,가입하고 공짜로 뭐 주는데 해외주식만.있으니까 가입하지마세요. 해지하는데 무슨 일주일걸리고 발암입니자. 상담전화 기본 20분기다려야함
480,1,왜안들어가지죠?
481,3,앱이 저절로 닫혀버려 불편해요
482,5,편리해서 좋아요
483,4,배당금 달러 확인되게 해주세요
484,5,앱이 안켜지네요?
485,1,"금융사기 패턴으로 움직이고,증권사만 이득을 보는 구조. 한국 주식시장에서도 사기를 치다못해,해외주식으로 사기를 치네. 한국은 금융테러로 움직입니다. 프로그램 제작해서 한국투자증권에 줬냐? 너도 검거해야 겠다.금융사기로."
486,5,아주 편하고 좋네요
487,1,언제 샀는지 언제 파는지도 모르는데 주식을 어떻게 합니까
488,1,인증을 제대로 해야 뭘 하든지 하지
489,5,천 원을 사도 배당금은 들어오는 건가요?
490,4,만든 사람 승진시켜야함
491,5,이거 충전? 어떻게 하는건가요?;;
492,1,아니 이체수수료 500원 뭔데 어이가 없네?
493,3,갑자기 안들어 가져요
494,5,좋지만 어떻게 하는지 아직 잘 몰라서..
495,4,좋은것 같어요
496,1,겁나 차트 보기힘듬
497,1,이건 뭐 기본도 안되있는 개 쓰레기 앱이네
498,5,아디다스 주식은 없나요?
499,3,전화번호변경 해주세요
500,5,빠른 처리 감사합니다
501,5,신한금융이랑 비슷한 것 같네요!
502,5,심플해서 좋음
503,5,소액으로 해외주식에 투자할수 있어서 좋아요
504,5,개선내용 좋네요
505,1,한국투자증권 계좌 있는미성년자인데 못하나요?
506,5,보기쉽네요
507,5,너무재밌다ㅎㅎㅎ
508,5,나름 괜찮네요 ㅎㅎ
509,3,장바구니에 어떻게 담죠?
510,5,와 한국증권 쓰는대 하나로 합쳐주세요 소액이지만 지렸다 미국주식 하고싶었는대 소액으로 조금씩 투자할수 있어서 케좋음 1만언이하 수수료 이벤트 좋네요
511,3,본인인증방법은 휴대폰인증뿐인가요?
512,1,이걸로허지마요
513,5,소액으로 미국주식투자경험
514,3,홍콩주식은 살수없나요?
515,3,계좌에 입금이 안돼요
516,3,출금 어떻게 합니까?
517,1,쓰지마세요 답답합니다
518,5,너무좋아요 ㅎㅎ
519,1,오직 증권사만 돈벌려고 환장한 기획
520,4,해외주식 양도소득세 신고해야하나요 이것도??..
521,2,앱이 안 깔려요ㅠㅠ
522,5,미성년자 할수있어요?
523,4,서비스 탈퇴하고싶은데 어떻게해야되나요 ??
524,3,해외만 가능?
525,1,업뎃이 안되요 어떡하죠?
526,5,주린이가 외국주식을 구매하는 혁명적인 사건. 넓은 세상 맘껏하고 살자~
527,1,외국인은 왜 안 되나요 ??? 구매할 수 있게 해주세요
528,5,기다렸던 웹인데 굳입니다
529,1,해지는 어디서 하나오~??
530,5,etf는 추가안하나요????
531,5,굿 빠름빠름
532,5,QQQ좀 사게해줘라
533,5,좋아요 굿
534,5,전반적으로 디자인과 편의성 모두 훌륭합니다 요청:실현손익 조회메뉴에서 기간직접입력하는 부분 오류고쳐주세요.기간설정해도 무조건 1년 조회됩니다.
535,4,Good
536,4,아 ㅠㅠ 매수 눌렀을때 저가였는데 거래 체결땐 고가...
537,1,최악
538,4,좋아요
539,5,좋아요
540,5,이히히~~^^
541,5,만족
542,5,짱이에요
543,5,좋음
544,5,주아옹
545,5,편해요
546,5,Good
547,5,좋아요~!!
548,5,베리굿
549,5,굿굿
550,5,귀여웡 너므너므
551,5,좋아요
552,5,좋아요
553,5,굿
554,4,Good
555,5,굿
556,5,편리함
557,5,좋아요.
558,5,좋아요
559,5,굿
560,5,좋군요
561,5,헐... 신박하다
562,5,편하네요~
563,5,청소년도 해외주식을 사고팔수있나요?
564,5,🥶아주좋소
565,5,신세계
566,2,hmoov
567,5,Good
568,5,좋아요
569,5,굿
